-25.09410289,0
-25.09410289,5.341246291
-25.09410289,10.68249258
-25.09410289,16.02373887
-25.09410289,21.36498516
-25.09410289,26.70623145
-25.09410289,32.04747774
-12.54705144,37.38872404
-12.54705144,42.72997033
-12.54705144,48.07121662
0,53.41246291
12.54705144,58.7537092
25.09410289,64.09495549
37.64115433,69.43620178
62.73525721,74.77744807
87.8293601,80.11869436
100.3764115,85.45994065
125.4705144,90.80118694
138.0175659,96.14243323
138.0175659,101.4836795
125.4705144,106.8249258
112.923463,112.1661721
112.923463,117.5074184
100.3764115,122.8486647
87.8293601,128.189911
62.73525721,133.5311573
50.18820577,138.8724036
37.64115433,144.2136499
12.54705144,149.5548961
0,154.8961424
0,160.2373887
0,165.578635
12.54705144,170.9198813
12.54705144,176.2611276
37.64115433,181.6023739
50.18820577,186.9436202
50.18820577,192.2848665
50.18820577,197.6261128
50.18820577,202.9673591
50.18820577,208.3086053
50.18820577,213.6498516
100.3764115,218.9910979
188.2057716,224.3323442
313.6762861,229.6735905
439.1468005,235.0148368
539.523212,240.3560831
652.446675,245.6973294
602.2584693,251.0385757
501.8820577,256.379822
388.9585947,261.7210682
263.4880803,267.0623145
150.5646173,272.4035608
100.3764115,277.7448071
50.18820577,283.0860534
12.54705144,288.4272997
-12.54705144,293.768546
-25.09410289,299.1097923
-25.09410289,304.4510386
-37.64115433,309.7922849
-50.18820577,315.1335312
-62.73525721,320.4747774
-62.73525721,325.8160237
-62.73525721,331.15727
-50.18820577,336.4985163
-50.18820577,341.8397626
-62.73525721,347.1810089
-62.73525721,352.5222552
-75.28230866,357.8635015
-75.28230866,363.2047478
-62.73525721,368.5459941
-75.28230866,373.8872404
-62.73525721,379.2284866
-75.28230866,384.5697329
-87.8293601,389.9109792
-87.8293601,395.2522255
-87.8293601,400.5934718
-75.28230866,405.9347181
-75.28230866,411.2759644
-75.28230866,416.6172107
-75.28230866,421.958457
-62.73525721,427.2997033
-50.18820577,432.6409496
-37.64115433,437.9821958
-25.09410289,443.3234421
-12.54705144,448.6646884
0,454.0059347
0,459.347181
12.54705144,464.6884273
25.09410289,470.0296736
37.64115433,475.3709199
37.64115433,480.7121662
50.18820577,486.0534125
50.18820577,491.3946588
62.73525721,496.735905
62.73525721,502.0771513
62.73525721,507.4183976
62.73525721,512.7596439
62.73525721,518.1008902
50.18820577,523.4421365
50.18820577,528.7833828
37.64115433,534.1246291
25.09410289,539.4658754
12.54705144,544.8071217
12.54705144,550.148368
0,555.4896142
0,560.8308605
-12.54705144,566.1721068
-12.54705144,571.5133531
0,576.8545994
0,582.1958457
-12.54705144,587.537092
-25.09410289,592.8783383
-25.09410289,598.2195846
-12.54705144,603.5608309
-25.09410289,608.9020772
-37.64115433,614.2433234
-37.64115433,619.5845697
-37.64115433,624.925816
-37.64115433,630.2670623
-37.64115433,635.6083086
-37.64115433,640.9495549
-37.64115433,646.2908012
-25.09410289,651.6320475
-25.09410289,656.9732938
-25.09410289,662.3145401
-12.54705144,667.6557864
-12.54705144,672.9970326
-12.54705144,678.3382789
-12.54705144,683.6795252
-12.54705144,689.0207715
0,694.3620178
12.54705144,699.7032641
12.54705144,705.0445104
37.64115433,710.3857567
50.18820577,715.727003
62.73525721,721.0682493
75.28230866,726.4094955
100.3764115,731.7507418
125.4705144,737.0919881
138.0175659,742.4332344
150.5646173,747.7744807
150.5646173,753.115727
138.0175659,758.4569733
138.0175659,763.7982196
125.4705144,769.1394659
100.3764115,774.4807122
87.8293601,779.8219585
75.28230866,785.1632047
50.18820577,790.504451
37.64115433,795.8456973
12.54705144,801.1869436
0,806.5281899
0,811.8694362
0,817.2106825
0,822.5519288
12.54705144,827.8931751
12.54705144,833.2344214
12.54705144,838.5756677
12.54705144,843.9169139
12.54705144,849.2581602
12.54705144,854.5994065
25.09410289,859.9406528
62.73525721,865.2818991
163.1116688,870.6231454
301.1292346,875.9643917
414.0526976,881.305638
501.8820577,886.6468843
627.3525721,891.9881306
539.523212,897.3293769
464.2409034,902.6706231
338.770389,908.0118694
200.7528231,913.3531157
100.3764115,918.694362
37.64115433,924.0356083
0,929.3768546
-25.09410289,934.7181009
-50.18820577,940.0593472
-75.28230866,945.4005935
-87.8293601,950.7418398
-100.3764115,956.0830861
-112.923463,961.4243323
-112.923463,966.7655786
-112.923463,972.1068249
-112.923463,977.4480712
-112.923463,982.7893175
-112.923463,988.1305638
-112.923463,993.4718101
-112.923463,998.8130564
-112.923463,1004.154303
-112.923463,1009.495549
-125.4705144,1014.836795
-138.0175659,1020.178042
-138.0175659,1025.519288
-125.4705144,1030.860534
-112.923463,1036.20178
-125.4705144,1041.543027
-138.0175659,1046.884273
-138.0175659,1052.225519
-138.0175659,1057.566766
-125.4705144,1062.908012
-112.923463,1068.249258
-100.3764115,1073.590504
-87.8293601,1078.931751
-75.28230866,1084.272997
-50.18820577,1089.614243
-37.64115433,1094.95549
-25.09410289,1100.296736
-12.54705144,1105.637982
0,1110.979228
12.54705144,1116.320475
25.09410289,1121.661721
37.64115433,1127.002967
37.64115433,1132.344214
37.64115433,1137.68546
37.64115433,1143.026706
37.64115433,1148.367953
37.64115433,1153.709199
37.64115433,1159.050445
37.64115433,1164.391691
37.64115433,1169.732938
25.09410289,1175.074184
37.64115433,1180.41543
25.09410289,1185.756677
12.54705144,1191.097923
0,1196.439169
0,1201.780415
0,1207.121662
0,1212.462908
-12.54705144,1217.804154
-25.09410289,1223.145401
-37.64115433,1228.486647
-25.09410289,1233.827893
-25.09410289,1239.169139
-12.54705144,1244.510386
-12.54705144,1249.851632
-12.54705144,1255.192878
-25.09410289,1260.534125
-37.64115433,1265.875371
-37.64115433,1271.216617
-25.09410289,1276.557864
-12.54705144,1281.89911
0,1287.240356
0,1292.581602
0,1297.922849
0,1303.264095
0,1308.605341
12.54705144,1313.946588
12.54705144,1319.287834
12.54705144,1324.62908
12.54705144,1329.970326
25.09410289,1335.311573
25.09410289,1340.652819
37.64115433,1345.994065
37.64115433,1351.335312
50.18820577,1356.676558
87.8293601,1362.017804
100.3764115,1367.35905
112.923463,1372.700297
138.0175659,1378.041543
150.5646173,1383.382789
163.1116688,1388.724036
188.2057716,1394.065282
175.6587202,1399.406528
163.1116688,1404.747774
150.5646173,1410.089021
138.0175659,1415.430267
125.4705144,1420.771513
112.923463,1426.11276
100.3764115,1431.454006
75.28230866,1436.795252
50.18820577,1442.136499
37.64115433,1447.477745
37.64115433,1452.818991
12.54705144,1458.160237
25.09410289,1463.501484
12.54705144,1468.84273
12.54705144,1474.183976
12.54705144,1479.525223
12.54705144,1484.866469
0,1490.207715
0,1495.548961
0,1500.890208
25.09410289,1506.231454
75.28230866,1511.5727
163.1116688,1516.913947
313.6762861,1522.255193
439.1468005,1527.596439
526.9761606,1532.937685
639.8996236,1538.278932
539.523212,1543.620178
451.6938519,1548.961424
363.8644918,1554.302671
225.846926,1559.643917
100.3764115,1564.985163
37.64115433,1570.326409
0,1575.667656
-25.09410289,1581.008902
-50.18820577,1586.350148
-75.28230866,1591.691395
-75.28230866,1597.032641
-87.8293601,1602.373887
-87.8293601,1607.715134
-87.8293601,1613.05638
-87.8293601,1618.397626
-87.8293601,1623.738872
-87.8293601,1629.080119
-87.8293601,1634.421365
-112.923463,1639.762611
-112.923463,1645.103858
-138.0175659,1650.445104
-150.5646173,1655.78635
-150.5646173,1661.127596
-163.1116688,1666.468843
-163.1116688,1671.810089
-163.1116688,1677.151335
-175.6587202,1682.492582
-175.6587202,1687.833828
-188.2057716,1693.175074
-175.6587202,1698.51632
-163.1116688,1703.857567
-163.1116688,1709.198813
-150.5646173,1714.540059
-138.0175659,1719.881306
-125.4705144,1725.222552
-112.923463,1730.563798
-100.3764115,1735.905045
-75.28230866,1741.246291
-62.73525721,1746.587537
-37.64115433,1751.928783
-25.09410289,1757.27003
-12.54705144,1762.611276
0,1767.952522
12.54705144,1773.293769
12.54705144,1778.635015
25.09410289,1783.976261
25.09410289,1789.317507
37.64115433,1794.658754
25.09410289,1800
