258.6206897,0,909.0909091
229.8850575,6.060606061,
143.6781609,12.12121212,
114.9425287,18.18181818,
57.47126437,24.24242424,
-28.73563218,30.3030303,
-71.83908046,36.36363636,
-114.9425287,42.42424242,
-143.6781609,48.48484848,
-143.6781609,54.54545455,
-129.3103448,60.60606061,
-100.5747126,66.66666667,
-100.5747126,72.72727273,
-100.5747126,78.78787879,
-86.20689655,84.84848485,
-86.20689655,90.90909091,
-86.20689655,96.96969697,
-86.20689655,103.030303,
-71.83908046,109.0909091,
-57.47126437,115.1515152,
-43.10344828,121.2121212,
-28.73563218,127.2727273,
-14.36781609,133.3333333,
-14.36781609,139.3939394,
14.36781609,145.4545455,
43.10344828,151.5151515,
43.10344828,157.5757576,
43.10344828,163.6363636,
43.10344828,169.6969697,
43.10344828,175.7575758,
28.73563218,181.8181818,
14.36781609,187.8787879,
14.36781609,193.9393939,
0,200,
-14.36781609,206.0606061,
-14.36781609,212.1212121,
-14.36781609,218.1818182,
-14.36781609,224.2424242,
-28.73563218,230.3030303,
-28.73563218,236.3636364,
-28.73563218,242.4242424,
-43.10344828,248.4848485,
-28.73563218,254.5454545,
-28.73563218,260.6060606,
-28.73563218,266.6666667,
-28.73563218,272.7272727,
-14.36781609,278.7878788,
57.47126437,284.8484848,
244.2528736,290.9090909,
416.6666667,296.969697,
474.137931,303.030303,
387.9310345,309.0909091,
229.8850575,315.1515152,
143.6781609,321.2121212,
114.9425287,327.2727273,
71.83908046,333.3333333,
0,339.3939394,
-71.83908046,345.4545455,
-114.9425287,351.5151515,
-129.3103448,357.5757576,
-129.3103448,363.6363636,
-129.3103448,369.6969697,
-114.9425287,375.7575758,
-100.5747126,381.8181818,
-100.5747126,387.8787879,
-100.5747126,393.9393939,
-86.20689655,400,
-86.20689655,406.0606061,
-71.83908046,412.1212121,
-71.83908046,418.1818182,
-57.47126437,424.2424242,
-28.73563218,430.3030303,
-28.73563218,436.3636364,
-14.36781609,442.4242424,
0,448.4848485,
28.73563218,454.5454545,
57.47126437,460.6060606,
57.47126437,466.6666667,
57.47126437,472.7272727,
43.10344828,478.7878788,
43.10344828,484.8484848,
43.10344828,490.9090909,
28.73563218,496.969697,
14.36781609,503.030303,
0,509.0909091,
0,515.1515152,
-14.36781609,521.2121212,
-14.36781609,527.2727273,
-28.73563218,533.3333333,
-28.73563218,539.3939394,
-28.73563218,545.4545455,
-28.73563218,551.5151515,
-28.73563218,557.5757576,
-28.73563218,563.6363636,
-28.73563218,569.6969697,
-28.73563218,575.7575758,
-28.73563218,581.8181818,
-14.36781609,587.8787879,
86.20689655,593.9393939,
258.6206897,600,
459.7701149,606.0606061,
445.4022989,612.1212121,
344.8275862,618.1818182,
229.8850575,624.2424242,
143.6781609,630.3030303,
86.20689655,636.3636364,
28.73563218,642.4242424,
-14.36781609,648.4848485,
-86.20689655,654.5454545,
-129.3103448,660.6060606,
-143.6781609,666.6666667,
-143.6781609,672.7272727,
-129.3103448,678.7878788,
-114.9425287,684.8484848,
-100.5747126,690.9090909,
-100.5747126,696.969697,
-100.5747126,703.030303,
-86.20689655,709.0909091,
-71.83908046,715.1515152,
-57.47126437,721.2121212,
-43.10344828,727.2727273,
-28.73563218,733.3333333,
-28.73563218,739.3939394,
-28.73563218,745.4545455,
14.36781609,751.5151515,
28.73563218,757.5757576,
43.10344828,763.6363636,
43.10344828,769.6969697,
57.47126437,775.7575758,
57.47126437,781.8181818,
57.47126437,787.8787879,
43.10344828,793.9393939,
28.73563218,800,
14.36781609,806.0606061,
0,812.1212121,
-14.36781609,818.1818182,
-14.36781609,824.2424242,
-14.36781609,830.3030303,
-28.73563218,836.3636364,
-28.73563218,842.4242424,
-28.73563218,848.4848485,
-28.73563218,854.5454545,
-28.73563218,860.6060606,
-28.73563218,866.6666667,
-28.73563218,872.7272727,
-28.73563218,878.7878788,
-28.73563218,884.8484848,
-28.73563218,890.9090909,
71.83908046,896.969697,
287.3563218,903.030303,
474.137931,909.0909091,
488.5057471,915.1515152,
402.2988506,921.2121212,
244.2528736,927.2727273,
143.6781609,933.3333333,
86.20689655,939.3939394,
28.73563218,945.4545455,
-28.73563218,951.5151515,
-71.83908046,957.5757576,
-114.9425287,963.6363636,
-129.3103448,969.6969697,
-129.3103448,975.7575758,
-129.3103448,981.8181818,
-114.9425287,987.8787879,
-100.5747126,993.9393939,
-86.20689655,1000,
-86.20689655,1006.060606,
-57.47126437,1012.121212,
-57.47126437,1018.181818,
-57.47126437,1024.242424,
-57.47126437,1030.30303,
-28.73563218,1036.363636,
-28.73563218,1042.424242,
0,1048.484848,
0,1054.545455,
14.36781609,1060.606061,
43.10344828,1066.666667,
71.83908046,1072.727273,
71.83908046,1078.787879,
71.83908046,1084.848485,
57.47126437,1090.909091,
57.47126437,1096.969697,
43.10344828,1103.030303,
14.36781609,1109.090909,
0,1115.151515,
0,1121.212121,
0,1127.272727,
-14.36781609,1133.333333,
-14.36781609,1139.393939,
-14.36781609,1145.454545,
-14.36781609,1151.515152,
-14.36781609,1157.575758,
-28.73563218,1163.636364,
-28.73563218,1169.69697,
-14.36781609,1175.757576,
-14.36781609,1181.818182,
-14.36781609,1187.878788,
-28.73563218,1193.939394,
-14.36781609,1200,
71.83908046,1206.060606,
287.3563218,1212.121212,
359.1954023,1218.181818,
488.5057471,1224.242424,
344.8275862,1230.30303,
272.9885057,1236.363636,
129.3103448,1242.424242,
100.5747126,1248.484848,
57.47126437,1254.545455,
0,1260.606061,
-57.47126437,1266.666667,
-86.20689655,1272.727273,
-114.9425287,1278.787879,
-114.9425287,1284.848485,
-114.9425287,1290.909091,
-86.20689655,1296.969697,
-86.20689655,1303.030303,
-86.20689655,1309.090909,
-71.83908046,1315.151515,
-57.47126437,1321.212121,
-57.47126437,1327.272727,
-43.10344828,1333.333333,
-28.73563218,1339.393939,
-14.36781609,1345.454545,
-14.36781609,1351.515152,
0,1357.575758,
14.36781609,1363.636364,
28.73563218,1369.69697,
57.47126437,1375.757576,
71.83908046,1381.818182,
71.83908046,1387.878788,
71.83908046,1393.939394,
71.83908046,1400,
71.83908046,1406.060606,
57.47126437,1412.121212,
43.10344828,1418.181818,
28.73563218,1424.242424,
28.73563218,1430.30303,
14.36781609,1436.363636,
0,1442.424242,
0,1448.484848,
-14.36781609,1454.545455,
0,1460.606061,
-14.36781609,1466.666667,
0,1472.727273,
0,1478.787879,
0,1484.848485,
-14.36781609,1490.909091,
-14.36781609,1496.969697,
0,1503.030303,
-14.36781609,1509.090909,
43.10344828,1515.151515,
272.9885057,1521.212121,
488.5057471,1527.272727,
502.8735632,1533.333333,
387.9310345,1539.393939,
244.2528736,1545.454545,
158.045977,1551.515152,
114.9425287,1557.575758,
71.83908046,1563.636364,
14.36781609,1569.69697,
-57.47126437,1575.757576,
-100.5747126,1581.818182,
-114.9425287,1587.878788,
-114.9425287,1593.939394,
-114.9425287,1600,
-100.5747126,1606.060606,
-86.20689655,1612.121212,
-71.83908046,1618.181818,
-71.83908046,1624.242424,
-71.83908046,1630.30303,
-57.47126437,1636.363636,
-57.47126437,1642.424242,
-43.10344828,1648.484848,
-28.73563218,1654.545455,
-14.36781609,1660.606061,
0,1666.666667,
14.36781609,1672.727273,
28.73563218,1678.787879,
43.10344828,1684.848485,
71.83908046,1690.909091,
71.83908046,1696.969697,
86.20689655,1703.030303,
86.20689655,1709.090909,
71.83908046,1715.151515,
57.47126437,1721.212121,
57.47126437,1727.272727,
43.10344828,1733.333333,
28.73563218,1739.393939,
14.36781609,1745.454545,
14.36781609,1751.515152,
0,1757.575758,
0,1763.636364,
0,1769.69697,
0,1775.757576,
0,1781.818182,
0,1787.878788,
0,1793.939394,
0,1800,
0,1806.060606,
0,1812.121212,
0,1818.181818,
28.73563218,1824.242424,
158.045977,1830.30303,
330.4597701,1836.363636,
488.5057471,1842.424242,
474.137931,1848.484848,
344.8275862,1854.545455,
172.4137931,1860.606061,
100.5747126,1866.666667,
86.20689655,1872.727273,
28.73563218,1878.787879,
-14.36781609,1884.848485,
-57.47126437,1890.909091,
-86.20689655,1896.969697,
-100.5747126,1903.030303,
-100.5747126,1909.090909,
-100.5747126,1915.151515,
-86.20689655,1921.212121,
-71.83908046,1927.272727,
-57.47126437,1933.333333,
-57.47126437,1939.393939,
-43.10344828,1945.454545,
-43.10344828,1951.515152,
-43.10344828,1957.575758,
-28.73563218,1963.636364,
-14.36781609,1969.69697,
0,1975.757576,
0,1981.818182,
14.36781609,1987.878788,
43.10344828,1993.939394,
71.83908046,2000,
86.20689655,2006.060606,
86.20689655,2012.121212,
86.20689655,2018.181818,
86.20689655,2024.242424,
71.83908046,2030.30303,
57.47126437,2036.363636,
43.10344828,2042.424242,
43.10344828,2048.484848,
28.73563218,2054.545455,
14.36781609,2060.606061,
0,2066.666667,
0,2072.727273,
0,2078.787879,
0,2084.848485,
0,2090.909091,
0,2096.969697,
0,2103.030303,
0,2109.090909,
0,2115.151515,
0,2121.212121,
0,2127.272727,
14.36781609,2133.333333,
86.20689655,2139.393939,
258.6206897,2145.454545,
488.5057471,2151.515152,
445.4022989,2157.575758,
301.7241379,2163.636364,
172.4137931,2169.69697,
100.5747126,2175.757576,
86.20689655,2181.818182,
28.73563218,2187.878788,
-28.73563218,2193.939394,
-71.83908046,2200,
