ecg,time
0.0248767867263093,15.0007230117934
0.0242327376909627,15.0022850249786
0.0232168727165093,15.0038470381639
0.0220541618192595,15.0052672384497
0.0207502332725772,15.0066753051752
0.0193129602845785,15.0081268947254
0.0177516212907718,15.0096596851837
0.016772959549099,15.0106188814784
0.0158155966189886,15.011578077773
0.0145526182604809,15.0129108589658
0.0121239502085753,15.0157497897639
0.0100124399674746,15.0186189736429
0.00834552044760013,15.0212622908332
0.00699368219373492,15.0237514281324
0.0058143208890077,15.0262728492748
0.00477820705854222,15.0288584828361
0.0038658571584503,15.0315319042032
0.00306171196923226,15.0343163805866
0.0023977366982773,15.037035235449
0.00186279422816577,15.0396040683483
0.0014218099047771,15.0420613151221
0.00104898849038769,15.0444511541366
0.000726049336853162,15.0468168168884
0.000439625263639029,15.0492030882373
0.000177297370566591,15.051682223944
-8.22276505604614e-05,15.0544726295353
-0.000271800725143463,15.056764123296
-0.000443708690794108,15.0590556170567
-0.000576838357239966,15.0609851969773
-0.000687669625444225,15.0627029026408
-0.00078904114593158,15.0643672047757
-0.000888062917000247,15.0660819228212
-0.000991627577643216,15.0679714064985
-0.00111280280667322,15.0703077952757
-0.00133078945148365,15.0748441672614
-0.00151802468874153,15.0790710787485
-0.00166733012654906,15.0826532860739
-0.00181770611311728,15.0864559172044
-0.0019978103391969,15.0913252667099
-0.00217769718007925,15.0968406113176
-0.00229616609774361,15.1016506913191
-0.00234795779424908,15.1059787157621
-0.00232211349689096,15.1098554515381
-0.00221094327343472,15.1133473345925
-0.00200794483712284,15.1165341529204
-0.00170628058128769,15.1194853598607
-0.00129831906373281,15.1222557859603
-0.000772838447190319,15.1249009719295
-0.000106059241218047,15.1275012375942
0.000757957599703975,15.130192124183
0.00195267617545267,15.1332235391639
0.00346896565245682,15.1364409052607
0.00533666549920202,15.1398491525448
0.0065993138541211,15.1419029222658
0.00798960553548555,15.1439566919869
0.00943346345231021,15.1458717614387
0.010899497426199,15.1476034011099
0.0124643376610156,15.1492378622998
0.0141813891318248,15.15081139104
0.0160538249045831,15.1523073166266
0.0181357133125187,15.1537510216663
0.0204475239533306,15.1551376896826
0.0230284845318036,15.1564739034613
0.0259126601269494,15.1577609285821
0.0291333081861465,15.1589988905235
0.0327384860941841,15.160192386229
0.0367778017867008,15.1613441053498
0.0413088959006954,15.1624570650512
0.0463971552684658,15.1635340895205
0.0521247236191565,15.1645792133749
0.0585868133594266,15.1655960822032
0.0658979521982386,15.1665885658316
0.0741977421501571,15.1675608547938
0.0836582199251409,15.1685175236433
0.0944976816152999,15.1694639476248
0.106997248717351,15.1704064406318
0.121530570621756,15.1713528523954
0.138614679784959,15.1723135507424
0.159006583287971,15.1733033346387
0.182624915444855,15.1742954198713
0.21007235877488,15.175299407245
0.242169876479186,15.1763296706042
0.280113345276607,15.1774091355773
0.324495083301571,15.1785469534864
0.366022971074765,15.1795412333612
0.400518571566349,15.1803498406149
0.430301225545679,15.1810630506373
0.456338387804237,15.1817274632422
0.478800501236199,15.1823704155195
0.497423100485849,15.1830139329841
0.511505087840587,15.1836815224449
0.519626391676129,15.1844062020347
0.518897782011889,15.1852150408271
0.507006379704603,15.1860399997652
0.482702618272401,15.1868974616089
0.444333884194408,15.187799639082
0.390034235217192,15.1887553006819
0.345530602528496,15.1894076730143
0.295894485029518,15.1900600453467
0.251660838854794,15.190603391629
0.213848452329832,15.1910548209324
0.180685957599004,15.1914503760141
0.15100605404386,15.191811404764
0.124113745026774,15.1921507901933
0.0995396827129267,15.1924776419184
0.0769103801773215,15.1927997972226
0.0558531791795507,15.1931259935447
0.0358312393792119,15.1934702701385
0.0153806189637947,15.1938729981681
0.00144344110252472,15.1941916805568
-0.00587408431209225,15.1943794066034
-0.012561240034892,15.1945671326501
-0.0184309144416302,15.1947478443179
-0.0244158256987904,15.1949515109923
-0.0302431606714608,15.1951741061314
-0.0357327872588866,15.1954129724502
-0.0407841061405402,15.1956670430295
-0.0453439473583112,15.195936289786
-0.0493874862120421,15.196221407834
-0.0528995791285065,15.196523659926
-0.0558588106463667,15.1968427550255
-0.0582933273886458,15.1971819039804
-0.0602249740971515,15.1975447686757
-0.0616680183143067,15.1979348083891
-0.0626364010647831,15.198356277617
-0.063142304325691,15.1988144653435
-0.063194550980894,15.1993160358699
-0.0627966577564576,15.1998695524436
-0.0619421433853182,15.2004875161841
-0.0606104946341265,15.2011863914109
-0.0587592451938584,15.2019901474235
-0.0563020154133707,15.2029383269458
-0.0530362354562026,15.2041118798821
-0.0489730578152241,15.2055219482512
-0.045027614382164,15.2068825719323
-0.0412559097655654,15.2082007991737
-0.0376859255283308,15.2094796514479
-0.0343318837457672,15.2107203529628
-0.031200242280486,15.2119232161087
-0.0282923317776236,15.2130881053077
-0.0256057356426899,15.2142146810266
-0.0231351647827421,15.2153025265531
-0.0208731132167269,15.2163512096722
-0.0188104051801095,15.2173603062052
-0.0169366749211028,15.2183293998046
-0.0152407923621856,15.2192580658879
-0.013664050476725,15.2201740981928
-0.0121460853903931,15.2211135163425
-0.010691551298906,15.2220777965698
-0.00930440932890979,15.2230690149149
-0.00798843145140147,15.2240896038909
-0.00674714704520247,15.2251424429813
-0.00558379142505011,15.2262309743744
-0.0045012520830291,15.2273593584613
-0.00350201262341604,15.2285326875453
-0.00258809396689106,15.2297572875063
-0.00176099174875072,15.2310411573141
-0.00102160771410777,15.2323946342574
-0.000370170809736405,15.2338314491118
0.000193860602928998,15.2353705018603
0.000661267943880533,15.2369965197627
0.00102736435054,15.2386678438919
0.00130867063927671,15.2404027724709
0.00151984157966956,15.2422221329081
0.00167461675256274,15.2441536634766
0.00178622822028855,15.2462365009406
0.00186800742401268,15.2485304891229
0.00193452771892792,15.2511386397955
0.00200473565465431,15.2542785464171
0.00209873268248811,15.2580130965498
0.0022209339825849,15.2619199998253
0.00236342720261713,15.2657210107782
0.002522882379249,15.2694931692428
0.00269574081189721,15.2732916080113
0.00287947768604894,15.2771575535348
0.00307296337806318,15.28112547127
0.00327640411362469,15.2852268015692
0.00349114765103606,15.2894922004131
0.00371947228337526,15.2939531093667
0.0039644356635339,15.2986431028535
0.00422987357796997,15.3035993490528
0.00452062956875998,15.3088639222481
0.0048431247325335,15.3144851892758
0.0051692118742512,15.3199096559193
0.00550947103270822,15.325280850796
0.00586295619390544,15.3305362700489
0.00623424900926237,15.3357007264417
0.00662695347622593,15.3407792342014
0.00704540361839044,15.3457826885803
0.00749401399999584,15.3507175877183
0.00797752421427457,15.3555883952865
0.00850104158048876,15.3603971168355
0.00907017431257916,15.3651439141256
0.00969113937825527,15.369827442431
0.0103708781579819,15.374445333289
0.0111295502927925,15.3790664012012
0.011984837814362,15.3837106045999
0.0129561562975938,15.3883851100711
0.014071134006282,15.3931142811417
0.0153727324275381,15.3979546596606
0.016942801862444,15.4030493445971
0.0190118893460573,15.4088749961487
0.0208652753630529,15.4135229993184
0.0228493311994996,15.4181710024881
0.0244768900868011,15.4219292003206
0.0258232309313042,15.4251744717332
0.0269546116749757,15.4281954064366
0.0278713004015271,15.4311293941964
0.0285164427657999,15.433913845622
0.0288937750652769,15.4366656603731
0.0289819278887399,15.4395242037719
0.0287005058860609,15.4427450689295
0.0277326375550464,15.4470662700565
0.0268516064301603,15.4497229091851
0.0258001750019112,15.4523795483138
0.0247324329751647,15.4547923633429
0.023662585582202,15.457052189328
0.0225907992817916,15.4592269912341
0.0215197768137463,15.4613542903827
0.020453165092355,15.4634574408097
0.0193946677028985,15.4655527221161
0.0183477808779725,15.4676524376783
0.0173157231609685,15.4697664805236
0.0163014266064899,15.4719032191379
0.0153075449238258,15.4740700494292
0.0143364658269866,15.4762737660293
0.0133903267932989,15.4785208227303
0.012471023105126,15.4808175477489
0.0115802219862535,15.4831703078824
0.0107193723982664,15.485585662142
0.00988971333265428,15.4880705124864
0.00909174327284789,15.4906340547958
0.00830374034826045,15.493366162389
0.00752950284352072,15.4962857735775
0.00677276792669071,15.4994158514842
0.00603752440212635,15.5027829479039
0.00532798984708359,15.5064178794871
0.00464856441598081,15.5103565733161
0.00400375313231192,15.5146411623131
0.00339803152936439,15.5193216139095
0.00283559581614764,15.5244588597332
0.00232006898959209,15.5301302445142
0.00185420764537601,15.5364391436196
0.00145217934038745,15.5432908128841
0.00112095600436418,15.5506722784904
0.000901847500752474,15.5573774038851
0.000699242281366848,15.5656306982723
0.000537079123154528,15.5746357555705
0.000409118346852957,15.5846357555705
0.000321163824532959,15.5946357555705
0.000261675584230611,15.6046357555705
0.000222256927081442,15.6146357555705
0.000196869327366234,15.6246357555705
0.000181298264089961,15.6346357555705
0.000172675136340151,15.6446357555705
0.000169073958593495,15.6546357555705
0.000169211034235132,15.6646357555705
0.000172241480193047,15.6746357555705
0.00017762774006681,15.6846357555705
0.000185055322877005,15.6946357555705
0.000194378639366883,15.7046357555705
0.000205587109076688,15.7146357555705
0.000218786377077883,15.7246357555705
0.000234192085545157,15.7346357555705
0.000252135305237329,15.7446357555705
0.000273080240844615,15.7546357555705
0.000297656658739616,15.7646357555705
0.000326712072893732,15.7746357555705
0.000361392731176657,15.7846357555705
0.000403269119873147,15.7946357555705
0.000454533494694679,15.8046357555705
0.000513786908281327,15.8139871488185
0.000581395057952549,15.822618150603
0.000658438313520262,15.8305804657296
0.000746204782949555,15.8379266436406
0.00084616741970758,15.8447055681432
0.000959996322545915,15.8509625894189
0.00108958199993004,15.8567397984626
0.00123706423523225,15.8620762728631
0.00140486598357275,15.8670082961299
0.00159573151045739,15.8715695666168
0.00181277275537522,15.8757913986151
0.00205952344621762,15.8797029146558
0.00234000607929783,15.8833312295671
0.00265881432406469,15.8867016366374
0.00302121788696849,15.8898378020424
0.00343329924465144,15.8927619701928
0.00390213527320134,15.8954951914285
0.00443604861431247,15.8980575925397
0.00504496775460893,15.9004687179019
0.00574096601938919,15.9027479946407
0.00651078725005269,15.9048450047883
0.00736363846579275,15.9067942608121
0.00831406740108297,15.9086316882759
0.00938471464742035,15.9103953750915
0.0106155708688322,15.912134206109
0.0121156349639305,15.9139584056072
0.014307659451937,15.9162398696666
0.0158918916203016,15.917709075135
0.0175752186227681,15.9191782806035
0.019116308461772,15.920492096425
0.0204858950572384,15.9216801135145
0.0217132635388127,15.9228095193447
0.0227997493815509,15.9239241562389
0.0237285087973506,15.9250627793457
0.0244645786154853,15.9262745014585
0.024938725146586,15.9276490932192
0.0249505094686429,15.9294761473491
0.0243900119920155,15.931138031615
0.023384176873679,15.9327999158809
0.0222426338567308,15.9342405938979
0.020963985660672,15.9356471311123
0.0195510825270454,15.9370886569566
0.0180130311334402,15.9386046188499
0.0168762193909446,15.9397192553132
0.0157638966500245,15.9408338917764
0.0146640890067404,15.9419929708747
0.0122533334319167,15.9447916137057
0.0101163333677706,15.9476713757509
0.00842862296649873,15.9503258597554
0.00706603500260774,15.9528143904117
0.005877898172692,15.9553331591969
0.00483423905072982,15.9579147745985
0.00391529890531757,15.9605828953912
0.00310534794647411,15.9633607537049
0.00243243225311347,15.9660903457804
0.00189076639988694,15.9686688542689
0.00144481184913075,15.9711337670258
0.0010682077096768,15.9735297146858
0.000742229767447999,15.9759008893181
0.000453157985921739,15.978293583876
0.00018832583573579,15.9807816920386
-7.38713022031127e-05,15.9835865955838
-0.000264310230322784,15.9858783205934
-0.000436960398058808,15.9881700456031
-0.000570886720053446,15.9901036353149
-0.000682433575153504,15.9918263586992
-0.00078445736311716,15.99349609506
-0.00088410944392649,15.9952169155289
-0.000988337406126985,15.9971139151423
-0.00111034482580385,15.999461715922
-0.00132934660745377,16.0040128480422
-0.0015166195443387,16.0082369115904
-0.00166579440785679,16.0118142052377
-0.00181611359059187,16.0156154456124
-0.00199578078410865,16.0204776284423
-0.00217487776984461,16.0259850365096
-0.00229233283183828,16.0307899385063
-0.00234282427192278,16.035114483499
-0.00231539928803448,16.0389892293413
-0.00220238532451254,16.0424800167356
-0.001997316332364,16.0456661452527
-0.00169339701069029,16.048616901821
-0.00128292969165934,16.0513877482707
-0.00075456127570589,16.0540345183934
-8.43932308397341e-05,16.0566373184188
0.000783693847529524,16.059331429979
0.00198370361792918,16.0623667937158
0.00350466081536547,16.0655842254236
0.00537363354336231,16.0689830420915
0.00663837665539906,16.0710317640223
0.00803181287959659,16.0730804859532
0.00947913173055849,16.0749901769189
0.0109539790823987,16.0767224858903
0.0125259521454416,16.0783546306292
0.0142513134171276,16.079926134714
0.0161328856769614,16.0814200906743
0.0182247716945137,16.0828617635973
0.0205479249741873,16.0842466468925
0.0231411438240514,16.08558097509
0.0260389243260042,16.08686620705
0.0292747962444724,16.0881025206418
0.0328970750866784,16.0892945032433
0.0369557212828331,16.0904448592773
0.0415087911528748,16.091556615048
0.0466222027949464,16.0926326096807
0.0523787069151088,16.0936768763374
0.0588743216977581,16.0946930728933
0.0662246180216205,16.0956850863451
0.0745705846354428,16.0966571322887
0.0840862002366724,16.0976138267934
0.0949923728124007,16.0985605919924
0.107574212650282,16.0995038290114
0.122211511906477,16.1004515212576
0.139431513893986,16.1014142630758
0.1599661449366,16.1024053097648
0.18374174595268,16.1033986225197
0.211381412812884,16.104404616925
0.243721522414168,16.105438056759
0.281991084342382,16.1065227603379
0.326515354233598,16.1076617037621
0.367468717773059,16.108642673857
0.401601778750059,16.1094452440465
0.431127463359219,16.1101560660737
0.456936566145055,16.1108198137432
0.479168054476656,16.1114632483779
0.497535524578038,16.1121082883974
0.511310754817717,16.1127786361889
0.519023052061042,16.1135079973487
0.517737872062522,16.1143179250826
0.505250510793399,16.1151446842126
0.480291982023606,16.1160044290308
0.441200195199751,16.1169091041513
0.38611277408316,16.1178674494482
0.341995398035112,16.1185092623969
0.292983093263683,16.1191510753456
0.249265613324691,16.1196876022079
0.211799177411833,16.1201352715601
0.178884871843491,16.1205286532647
0.149398924285889,16.120888377107
0.122666207264135,16.1212270183388
0.0982266312802173,16.1215535599735
0.0757102475390911,16.1218758238349
0.0547421686322254,16.1222026731098
0.0347685290946612,16.1225486822781
0.0142052607651234,16.1229576375919
0.00178146917228698,16.1232431302828
-0.00558021893824345,16.1234315084091
-0.0123071653371692,16.1236198865353
-0.0181591255567278,16.1237995537479
-0.0241417208179985,16.1240024339268
-0.0299771695386989,16.1242244199388
-0.0354809023626806,16.1244627635628
-0.0405496889999085,16.1247163406731
-0.0451288057050919,16.1249850858089
-0.0491924875348146,16.125269666969
-0.052725224035979,16.1255713245006
-0.0557121727584127,16.1258906232435
-0.0581655080036891,16.1262290708896
-0.0601155277907313,16.1265911073973
-0.0615765475568524,16.1269801737464
-0.0625625337447203,16.1274004884068
-0.0630857557474248,16.1278572928596
-0.0631551960642054,16.1283571867057
-0.0627746263643638,16.1289086413962
-0.0619380898062281,16.1295239586687
-0.0606257425832963,16.1302194113314
-0.0587963492816629,16.1310185402822
-0.056366232841343,16.1319599412319
-0.0531412400909827,16.1331216000986
-0.0490766780932409,16.134533693505
-0.0451276590568006,16.1358957143725
-0.0413510773721356,16.1372151413151
-0.0377755655046716,16.1384950959411
-0.0344156742206759,16.139736854098
-0.0312780555081992,16.1409407553072
-0.028364170380606,16.1421066781099
-0.0256716970731241,16.1432342901059
-0.0231954179185087,16.1443231779913
-0.0209278806685018,16.1453729110802
-0.0188599486607445,16.1463830659409
-0.0169812826658341,16.1473532268814
-0.0152807681853888,16.1482829703482
-0.0137024485346372,16.1491984044318
-0.0121827655451883,16.150137195267
-0.0107264044735347,16.1511007970795
-0.00933733065567921,16.1520912776105
-0.00801932169208128,16.1531110589091
-0.00677591384665311,16.1541630073483
-0.00561035063375475,16.1552505484929
-0.00452552910444116,16.1563778213471
-0.00352394382763809,16.1575498902081
-0.00260762814787782,16.1587730434812
-0.00177809166278023,16.1600552286442
-0.00103625175228832,16.161406709863
-0.000382354918509692,16.1628411096458
0.000184120514769649,16.1643771587283
0.000654589142785463,16.1660022281424
0.00102327939949573,16.1676721244452
0.0013067860799164,16.1694051474873
0.00151979491501809,16.1712219810631
0.00167606835634578,16.1731501383867
0.0017888500663033,16.1752283692066
0.00187146537379793,16.1775157787127
0.00193844302651766,16.1801137138548
0.00200855403532904,16.1832346763703
0.00210248510280103,16.1869686208955
0.00222398881130832,16.1908603997345
0.00236611362916983,16.1946558715866
0.00252562065816354,16.198428738504
0.00269892083415992,16.2022322976328
0.00288342069427658,16.2061069009238
0.00307792326965542,16.2100866010677
0.00328258664157762,16.2142026821655
0.00349873515989528,16.2184858193631
0.00372864820452389,16.2229676049009
0.00397541071926258,16.2276819042489
0.00424291800434433,16.2326663106881
0.00453612060650731,16.2379634557492
0.00485960237292402,16.2435876448379
0.00518628552104829,16.2490066514089
0.00552727488323475,16.2543720927963
0.00588163469663696,16.2596213732539
0.00625403912421636,16.2647804175295
0.00664810734933401,16.2698542334041
0.00706818424934205,16.2748536031216
0.00751869141854515,16.2797848291924
0.00800438011970489,16.2846521893416
0.00853037685216878,16.2894575411254
0.00910231724697468,16.2942009366758
0.00972645296951039,16.29888095117
0.0104097679686574,16.3034951739143
0.0111735367996527,16.3081180808224
0.0120347273595124,16.3127635109128
0.0130132516433935,16.3174402444426
0.0141372921096461,16.3221736448921
0.0154510985967396,16.3270230886626
0.0170402258080783,16.3321399657007
0.0191540229808027,16.3380431665302
0.0209753276380855,16.3425832813711
0.0229173677516534,16.347123396212
0.0245290864078707,16.3508471650421
0.0258669251975038,16.354080221476
0.0269909718076849,16.3570963981361
0.0278979079966602,16.3600229009409
0.028533807354554,16.3628041687882
0.0289016878643568,16.3655571152598
0.0289789435271708,16.3684226847297
0.0286814878338094,16.3716650832256
0.0276987092315504,16.3759755476178
0.0268142830812973,16.378619299008
0.0257626644334084,16.3812630503982
0.024695008178379,16.383668531295
0.0236250849860047,16.3859244836527
0.0225532692826043,16.3880971285179
0.0214823342354841,16.3902232672345
0.0204159387132864,16.3923259222128
0.0193577817022242,16.3944211958384
0.018311350350833,16.3965212872612
0.0172798531904669,16.3986360248136
0.016266212207454,16.4007737364308
0.0152730716980018,16.4029417925153
0.0143028101956961,16.4051469736494
0.0133575564984603,16.4073957277843
0.0124391978772875,16.4096943834721
0.0115493931582348,16.4120493158085
0.0106895844069105,16.41446709487
0.00986100301547726,16.4169546423498
0.00906332998668889,16.4195238928631
0.00827575402774371,16.4222623433227
0.00750207177406942,16.4251890633351
0.00674602963264649,16.4283271337854
0.00601162477100333,16.4317032476989
0.00530308218038834,16.4353483890905
0.00462480710104299,16.4392986876634
0.00398130642305941,16.4435965232032
0.0033770504504077,16.4482921913242
0.00281622040006233,16.4534470963404
0.00230241215061567,16.4591393260557
0.00183834939858429,16.4654734058962
0.0014387588559639,16.4723426420513
0.00111059880463204,16.4797450843474
0.000881907352206638,16.4868762178315
0.000687672130766419,16.4949858418915
0.000527072806506957,16.5041012500506
0.000402249547253936,16.5141012500506
0.000316524717743603,16.5241012500506
0.000258612196511926,16.5341012500506
0.000220293915144114,16.5441012500506
0.000195669416560446,16.5541012500506
0.00018062840511367,16.5641012500506
0.000172376692755518,16.5741012500506
0.000169039260759337,16.5841012500506
0.000169366862056283,16.5941012500506
0.000172538165353254,16.6041012500506
0.000178032109537467,16.6141012500506
0.000185546076699747,16.6241012500506
0.000194943288948115,16.6341012500506
0.000206219990162609,16.6441012500506
0.000219487471067225,16.6541012500506
0.00023496650237532,16.6641012500506
0.000252993363106932,16.6741012500506
0.000274038157824027,16.6841012500506
0.000298737968951505,16.6941012500506
0.000327950016778535,16.7041012500506
0.000362834082578892,16.7141012500506
0.000404980273927674,16.7241012500506
0.000456610292434669,16.7341012500506
0.000516090921191571,16.7434181479768
0.000583946639745883,16.7520162651042
0.000661271511189511,16.7599484694745
0.000749360050945093,16.7672671172501
0.000849691091985569,16.7740208704491
0.000963940949272565,16.7802548776096
0.00109400701327502,16.7860110466912
0.00124203680118073,16.7913282881646
0.00141046195408746,16.7962427326561
0.00160203654257789,16.8007879385768
0.00181988360384676,16.8049950920774
0.00206754955343236,16.8088931981211
0.00234907140737937,16.8125092637814
0.00266905974801135,16.8158684839518
0.00303280414158848,16.8189944353314
0.00344641076765606,16.8219092813688
0.00391698536327364,16.8246339999994
0.0044528864806514,16.8271886545504
0.00506408864725894,16.8295927357395
0.00576228088988596,16.83186430778
0.00653423296252127,16.8339538859447
0.00738946524301275,16.835896737484
0.00834263364178366,16.8377286870031
0.00941656938197042,16.8394877873227
0.0106516946986269,16.841223071891
0.0121603454228905,16.8430477002756
0.0143758049178254,16.8453403088712
0.015960851775305,16.8468023887211
0.0176433128158786,16.8482644685709
0.0191821225181433,16.8495719862826
0.0205505590534979,16.8507562014392
0.0217769548698879,16.8518832166325
0.0228621038691325,16.8529964864939
0.0237887540620359,16.8541347981353
0.024521353445143,16.8553477517918
0.0249892162879985,16.8567269778126
0.0249835527281117,16.8585751063036
0.02441371986599,16.860217453801
0.0234102919495051,16.8618598012984
0.0222671243770154,16.8632959637866
0.0209852769545403,16.8647014473277
0.0195687535105419,16.8661429973535
0.0180267672120253,16.8676597727357
0.0169049467674306,16.8687578412992
0.0158069446954612,16.8698559098628
0.0147141748035167,16.8710044948164
0.0123005965196771,16.8737975610923
0.010152769932894,16.8766823642431
0.00845723506507126,16.8793408308488
0.00709078085945178,16.8818288081231
0.0058995524882523,16.8843462663111
0.00485328151486938,16.8869260674118
0.00393209944970984,16.8895918960172
0.00312020869033322,16.8923669666784
0.00244111653511823,16.89511361844
0.00189540130011636,16.8977065588641
0.00144690081959495,16.9001830337392
0.00106877005773897,16.9025878493435
0.000742145051927375,16.9049639539644
0.000453528875391471,16.9073533251822
0.00019103967478021,16.9098183641739
-6.36216718496085e-05,16.9125345942666
-0.000266483243974234,16.914971731728
-0.000449277546583864,16.9174088691895
-0.000585205566059945,16.919386592534
-0.000696497485472027,16.9211193517659
-0.000797657634520105,16.9227875516686
-0.000896015610948138,16.9244974469587
-0.000998288760385883,16.9263690629411
-0.00111643793799795,16.92865060935
-0.00131997182730953,16.9328740850751
-0.00149460839858691,16.9367824156841
-0.00163337721456043,16.940067526765
-0.0017727996663207,16.9435282878363
-0.00193494956450978,16.9477813192047
-0.00213660919511041,16.9536092455979
-0.00227487413006029,16.9585859716997
-0.00235048665541517,16.9630840154676
-0.00235104603835372,16.9671045794297
-0.0022681059710989,16.9707193833327
-0.00209505993709002,16.9740025305328
-0.00182515116989042,16.9770308990378
-0.00145104765499321,16.9798628276164
-0.000963516670121884,16.9825493760862
-0.000344238305285851,16.9851604883283
0.000447626630751268,16.9878045391298
0.00152105843329863,16.9907072038093
0.0029222371230304,16.9938485434343
0.00467642663316735,16.9972033555277
0.00598723324741139,16.9994301825002
0.00743386340025613,17.0016570094727
0.00887896172510559,17.0036550396685
0.0103385296706613,17.0054564287677
0.0118640317581846,17.0071255766963
0.0135240024498754,17.0087238388178
0.0153310506766406,17.0102442988297
0.0173349319238893,17.0117102648515
0.0195568950730363,17.0131179170052
0.0220361000168417,17.0144745882193
0.0248002741690433,17.0157790077427
0.0278903009430672,17.0170354519018
0.0313477348735323,17.0182463002221
0.0352181357294717,17.0194137222072
0.0395558639944623,17.0205407943246
0.0444265869338716,17.0216312917044
0.0499053596407282,17.0226885882663
0.0560812548951869,17.023716248428
0.0630610717761443,17.0247180544586
0.0709730884879408,17.0256979211116
0.0799779707608145,17.0266604990677
0.0902754066998463,17.0276108405794
0.102120805648274,17.028554859906
0.115849977409372,17.0294997963354
0.131920190211957,17.0304549807245
0.150987528729958,17.0314334098477
0.173335555156104,17.0324248575232
0.199266485735533,17.0334242759808
0.229515014951975,17.0344443184949
0.265109901619281,17.0355040396063
0.307733656826659,17.0366387455728
0.342675799265046,17.0374994515033
0.379014345490251,17.0383601574338
0.411336634609949,17.0391231005267
0.439610714698024,17.0398154043724
0.464275861414688,17.0404703883057
0.485314580159742,17.0411122117765
0.502312198989974,17.0417626875547
0.514355622883506,17.0424475183716
0.519583088831907,17.0432068070263
0.514879067292294,17.044020294979
0.498625270767531,17.0448559803439
0.469416938558636,17.0457288307795
0.425505991180488,17.0466494506075
0.364999392623044,17.0476269920668
0.322724525596937,17.0482114136396
0.276788601859172,17.0487958352124
0.23566441321805,17.0492941714755
0.199967305816099,17.0497197732658
0.168343032270247,17.0500997615888
0.13987555537543,17.0504510679337
0.113984979751881,17.0507846521385
0.0902536591806202,17.0511088666757
0.068321744970648,17.051431601586
0.0477826069557524,17.0517628722333
0.0279150452050025,17.0521221446589
0.00563424101561639,17.052595054779
-0.00226027679427913,17.05278892641
-0.00946952939281032,17.0529827980409
-0.0156832495799253,17.0531660986224
-0.0216584661503959,17.0533602180079
-0.0275829613873871,17.0535747897147
-0.0332395682754102,17.053806610578
-0.0384965727767388,17.0540539767876
-0.0432822121544513,17.0543164369276
-0.0475604772192509,17.0545943823846
-0.0513144803435493,17.0548888288816
-0.0547298126535724,17.0552231131039
-0.0573619441829923,17.055554428039
-0.0594835371958637,17.0559080200037
-0.0611112161574943,17.0562873799556
-0.0622592036038905,17.0566964334807
-0.0629405223888544,17.0571400380912
-0.0631654800124048,17.0576242780589
-0.0629398961952287,17.0581569055078
-0.062261900874075,17.058748628883
-0.0611167893094829,17.0594143293788
-0.0594722084439745,17.0601744207523
-0.0572630215824743,17.0610609100122
-0.0543481127357624,17.0621328742103
-0.0503102441852969,17.0635478101918
-0.046318310504583,17.0649238791307
-0.0424848425261365,17.0662559220267
-0.0388456016357473,17.0675477959386
-0.0354185405881722,17.0688012140449
-0.0322123500636155,17.0700167373989
-0.0292298966538354,17.0711943513862
-0.0264699096698886,17.0723337701273
-0.0239279830240869,17.0734345958753
-0.0215972881607762,17.0744963991311
-0.0194691516722767,17.0755187532003
-0.0175335557519562,17.0765012409942
-0.0157795816259445,17.0774434437645
-0.0141840110103692,17.0783518343413
-0.0126454378198687,17.0792832563386
-0.0111689186648425,17.0802389051679
-0.00975846654587508,17.0812207532749
-0.00841792429478843,17.0822311029301
-0.00715090897383983,17.0832726709609
-0.00596076121427623,17.0843486939473
-0.00485049220972765,17.0854630685968
-0.00382272844530844,17.0866205431088
-0.00287965388916458,17.0878269847315
-0.00202294882702235,17.0890897651813
-0.00125372359591775,17.0904183360321
-0.000572443774369149,17.0918251259658
2.11599402344688e-05,17.0933270182943
0.000526482447748235,17.0949416683754
0.000924376934510558,17.0965956146132
0.00123234787921904,17.0983073176157
0.00146542670263006,17.1000958877127
0.00163762283385366,17.101986409748
0.00176228621517336,17.104013513462
0.0018526320835009,17.1062285961602
0.00192263593039283,17.1087161895078
0.0019891634944457,17.1116405170678
0.00207868370725311,17.1153838448906
0.00219139629311713,17.1192188516763
0.00232793067982628,17.1230351940187
0.00248284777291376,17.1268084565165
0.00265241809989193,17.1305968928478
0.00283370556112047,17.1344440952697
0.0030251249680504,17.1383856888598
0.0032264769994988,17.1424535627237
0.00343878378826302,17.1466784059501
0.00366407404807828,17.1510913583786
0.00390520635032051,17.1557253751099
0.0041658189697062,17.1606166677987
0.00445048985284929,17.1658060504753
0.00476521514938045,17.1713403343523
0.00509084225261568,17.1768175988711
0.00542768246095073,17.1822018168187
0.00577791324688402,17.1874840685014
0.00614478354573574,17.1926689006625
0.00653218287147404,17.1977666182059
0.00694427761423773,17.2027869214977
0.00738546384508428,17.2077373756101
0.00786039907203984,17.2126229176628
0.00837409581251223,17.2174460924381
0.00893203565728456,17.2222074583184
0.00954028403481653,17.2269059879892
0.0102056017032666,17.2315394959261
0.0109435673003536,17.2361527773591
0.0117748650002251,17.2407921326761
0.0127168927421571,17.2454579242321
0.0137951705530506,17.2501709132361
0.01504785186419,17.2549771237194
0.0165436135686178,17.259990195095
0.0184533741385231,17.265552915178
0.0209252610218306,17.2718385876369
0.0224999111044251,17.2755367759934
0.0241050298778057,17.2792349643499
0.0255049436472028,17.282555984767
0.0266881528281208,17.2856153295029
0.0276644839405789,17.2885737879108
0.0283774271979691,17.2913846430911
0.0288235842749538,17.2941329898027
0.0289894469200294,17.2969479411233
0.0288166345563898,17.3000356542495
0.0280478355313787,17.3040974731284
0.0272007243521932,17.3069063949584
0.0261461427663914,17.3097153167885
0.0250759837111509,17.3122076992386
0.0240066449963171,17.3145078510797
0.0229352607979501,17.3167049623711
0.0218636118984452,17.318844551566
0.020795174067855,17.3209534690086
0.0197336774680191,17.3230498167462
0.018682697499299,17.3251469585757
0.0176455442988994,17.3272554437621
0.0166252417922032,17.3293840585298
0.0156245314598408,17.3315404652579
0.014645885197659,17.333731618543
0.0136915196784141,17.335964056504
0.012763405819762,17.3382441297282
0.0118632845552355,17.3405781710268
0.0109926733849585,17.3429726620436
0.0101528760238206,17.3454343825905
0.00934499922121187,17.3479705370105
0.00855346166954253,17.3506468798589
0.00777445421537572,17.3535043871787
0.00701173059461398,17.3565646771135
0.00626920089706687,17.3598530897077
0.0055510141984788,17.3633989942738
0.00486151610953554,17.3672365982498
0.00420519119831372,17.3714059037906
0.00358654497389318,17.37595413694
0.00300989260212485,17.380938286113
0.00247907951393137,17.3864295960734
0.00199715346326439,17.3925218850996
0.00157299936482781,17.3992234115739
0.00130417374719598,17.404468530677
0.00108894667060076,17.4097136497802
0.000868595748462679,17.4167414814115
0.000673317362183478,17.4250598572658
0.00051702589057433,17.4341468395599
0.000395170730255779,17.4441468395599
0.000311576606670696,17.4541468395599
0.000255176708977173,17.4641468395599
0.000217915278661373,17.4741468395599
0.000194024088127936,17.4841468395599
0.00017949501776495,17.4941468395599
0.000171607014070823,17.5041468395599
0.000168534875270814,17.5141468395599
0.000169062923036844,17.5241468395599
0.000172392923863462,17.5341468395599
0.000178020298097305,17.5441468395599
0.00018565467179807,17.5541468395599
0.000195168785546402,17.5641468395599
0.000206566742976553,17.5741468395599
0.00021996688163112,17.5841468395599
0.000235596949160729,17.5941468395599
0.000253800859221777,17.6041468395599
0.000275057817081305,17.6141468395599
0.000300016489939168,17.6241468395599
0.000329549584526208,17.6341468395599
0.000364838390897453,17.6441468395599
0.000407503890264216,17.6541468395599
0.000459813523734289,17.66414683956
0.000519853150504962,17.6734243061497
0.000588331128612805,17.6819842995745
0.000666361619136465,17.6898811250407
0.000755251895383768,17.6971670291903
0.000856493874594389,17.7038905136997
0.000971778307764267,17.7100965744648
0.00110301886297956,17.7158269758888
0.00125238156231979,17.7211204932671
0.00142231911331542,17.7260131303428
0.00161560967886724,17.7305383271687
0.0018354039788287,17.734727160349
0.00208528051766386,17.7386085341116
0.00236931371167914,17.7422093639805
0.00269215837808779,17.7455547634207
0.00305915703081001,17.7486682390806
0.00347648034990257,17.7515718974127
0.00395131436053282,17.7542866753931
0.00449212013527646,17.7568326162674
0.00510900749498542,17.7592292194251
0.00581201469620879,17.7614892340835
0.00658937004509874,17.763569679827
0.00745090826305034,17.7655058762116
0.00841174208823738,17.7673337291476
0.00949560613420621,17.7690918233544
0.0107450785167761,17.7708308673925
0.0122849399241303,17.7726757698002
0.0145981955336335,17.7750442555344
0.0161688271231987,17.7764811175624
0.0178269028643388,17.7779179795905
0.0193383683109305,17.7792055650077
0.0206861011223052,17.7803808492677
0.0218933611211454,17.7815051846229
0.022958205009037,17.78262052797
0.0238613536130346,17.7837661400933
0.024564331866131,17.7849944647901
0.0249889437372647,17.786407593389
0.024876937746591,17.788388092703
0.0242487896646878,17.7899639789103
0.0232383509768354,17.7915398651176
0.0220814218869147,17.7929634639305
0.0207835916310142,17.7943712652557
0.0193522668507043,17.7958207940685
0.0177967896419936,17.7973499641024
0.0168203182834156,17.7983074875147
0.0158632284104995,17.7992650109271
0.0147624354679937,17.8004193548783
0.0123546173599012,17.8031980200013
0.0101958599732954,17.8060878172776
0.0084915869242257,17.8087511681619
0.00711953661240433,17.8112412197183
0.00592472655711964,17.8137578743071
0.00487539568402109,17.8163362608263
0.00395153170543044,17.8190001699815
0.00313726925476496,17.8217728088373
0.00245811602913154,17.8245081744919
0.00191188481278205,17.8270910767088
0.00146266586589522,17.8295583371345
0.00108372262341188,17.8319545356456
0.000756105589727408,17.8343235448923
0.000465988275515919,17.8367108089494
0.000200878052459524,17.8391865553968
-5.95972814576908e-05,17.8419541539118
-0.000255262487852474,17.844294387942
-0.0004322131115178,17.8466346219722
-0.000567467297334232,17.8485832520471
-0.000679365111298125,17.8503085977261
-0.000781414763906596,17.8519763086527
-0.000880861663534048,17.853691096349
-0.000984568300248304,17.8555756773268
-0.0011052056143374,17.8578927276535
-0.00132541212926469,17.8624610959983
-0.00151741842776193,17.8667901629323
-0.00167015165108541,17.8704566876173
-0.00182275343760153,17.8743236636705
-0.00200560177729107,17.8792907350849
-0.00218184740582081,17.8847545790835
-0.00229689810483324,17.8895402041833
-0.00234449622337811,17.893843947704
-0.00231389968706059,17.8976998414221
-0.0021975193134504,17.9011754389454
-0.00198888339954532,17.9043495716318
-0.00168126055325781,17.9072900758265
-0.0012668000127284,17.9100531331748
-0.000733802928701557,17.9126951403398
-5.8255171077727e-05,17.915295076557
0.000819085552120534,17.9179959402497
0.00202914693781802,17.9210354335589
0.00356331832015739,17.9242626798932
0.00544461379339455,17.9276680102885
0.00670993000875778,17.9297083582642
0.00810427456271811,17.93174870624
0.00955620498675189,17.933654661345
0.0110237003760222,17.9353690500357
0.0126018072913796,17.9369986686392
0.0143343504150837,17.9385674643687
0.0162241692700591,17.9400586689847
0.018325860693228,17.9414977773768
0.0206601211930198,17.9428800928383
0.0232659881096618,17.9442119288178
0.0261781659184936,17.9454947920446
0.0294302987363236,17.9467288524502
0.0330709525645232,17.9479186987505
0.0371504577671504,17.949067063968
0.04172725151241,17.9501769799768
0.0468678849772659,17.9512513251268
0.0526553910840241,17.9522940665342
0.0591866660831947,17.9533088979527
0.0665782423091125,17.9542997164502
0.0749723482831738,17.9552707506161
0.0845448180474834,17.9562266559955
0.0955184906707418,17.9571728494862
0.108181784059798,17.9581157892244
0.122919206961308,17.9590635282863
0.140265427186314,17.9600267778352
0.160929173762948,17.9610174168306
0.184856944511944,17.9620106473402
0.212678356259063,17.9630169912881
0.245240053058827,17.9640514025885
0.283792615938083,17.9651381929805
0.328531914837329,17.966277447572
0.369193471539993,17.9672486717222
0.403128338960041,17.9680457499882
0.43251063977012,17.9687535261565
0.458190741500567,17.9694155472591
0.480288559087076,17.9700582226228
0.498502034703924,17.9707034385633
0.51208081681638,17.9713751362379
0.519508357003962,17.9721077997301
0.517807457627721,17.9729177645602
0.504857739917569,17.9737453296353
0.479371409740346,17.9746065340726
0.439671352560201,17.9755131683557
0.383887616462322,17.9764739477787
0.33994265697939,17.9771087231095
0.291258404110083,17.9777434984402
0.247820519076757,17.978275364722
0.210539987819811,17.9787203513607
0.177758044901734,17.9791120936225
0.148375221997712,17.9794707629197
0.121727216353113,17.9798087363188
0.0973586473364889,17.9801349165934
0.0749007599527619,17.980457122282
0.0539757356231477,17.9807843194235
0.0340148564081264,17.9811315111667
0.0133301313380869,17.9815453566085
0.00175976106350962,17.9818122600868
-0.00560124713325375,17.9820005728795
-0.0123275467445376,17.9821888856721
-0.0181818374421326,17.9823685839869
-0.0241657143688808,17.982571471459
-0.0300017299156726,17.9827934487488
-0.0355055900695554,17.9830317747773
-0.0405742245162651,17.9832853297188
-0.045153001791734,17.983554050698
-0.0492162137364665,17.9838386074606
-0.0527484793006263,17.9841402416879
-0.0557380397439712,17.9844598971882
-0.058190248056521,17.9847983575637
-0.0601390751440036,17.9851604105978
-0.0615988813899388,17.9855495042033
-0.0625836359672054,17.9859698601859
-0.0631056044094142,17.9864267244549
-0.0631737576940525,17.9869267027994
-0.0627918454011904,17.9874782756719
-0.0619538628341654,17.9880937631234
-0.0606398974595911,17.9887894582946
-0.0588085827348074,17.9895889460246
-0.0563759492980807,17.9905309200582
-0.0531469401588677,17.9916936737641
-0.049081905564049,17.9931056538944
-0.0451325532277523,17.9944676303722
-0.0413557162447889,17.9957870418328
-0.0377799838888598,17.9970669984052
-0.0344198891158129,17.9983087695735
-0.0312820766510044,17.9995126911349
-0.0283680049748604,18.0006786393524
-0.0256753519122342,18.0018062803716
-0.0231989002889022,18.0028951999262
-0.0209311986486755,18.0039449666762
-0.0188631111002207,18.004955156741
-0.0169842990224049,18.0059253541257
-0.0152836482850275,18.0068551350846
-0.0137053069147387,18.0077705440018
-0.01218559788011,18.0087093087501
-0.0107292075684556,18.0096728826923
-0.00934010148911585,18.0106633332221
-0.00802205749911124,18.0116830819623
-0.00677861219760719,18.0127349947625
-0.00561300951927671,18.0138224965317
-0.00452814702590963,18.0149497254393
-0.0035265198973918,18.0161217446957
-0.00261016220335195,18.0173448412594
-0.0017805844023138,18.0186269606266
-0.00103870490442686,18.0199783641573
-0.000384771466899865,18.0214126702139
0.000181736010385956,18.0229486030646
0.000652256627912076,18.0245736336259
0.00102097918637277,18.0262434728586
0.0013045003386925,18.0279764205499
0.00151750590217489,18.0297931549199
0.00167375775517546,18.0317211804933
0.00178649796209661,18.0337992321325
0.00186904849141113,18.0360863867076
0.00193593101336145,18.0386839275864
0.00200589864023203,18.0418041633381
0.0020996528345692,18.0455380829066
0.00222120542334008,18.0494369550224
0.00236327416728989,18.0532350133248
0.00252260363035784,18.0570075132233
0.00269561035429988,18.0608086123415
0.00287971341343385,18.0646790737283
0.00307372705367807,18.0686531443083
0.00327781481503884,18.0727621805309
0.00349329925468338,18.0770368472718
0.00372245054065021,18.0815086639866
0.00396833519869322,18.0862113565702
0.00423481667718586,18.0911823149676
0.00452679146899817,18.096463904202
0.00485020622972402,18.1020951104668
0.00517640037893664,18.1075145462681
0.00551702644599355,18.1128840188421
0.00587087067719072,18.1181363539712
0.00624265408797572,18.1232984053092
0.00663595920849734,18.1283747636819
0.00705513325499149,18.1333763992387
0.0075045896337152,18.1383096779302
0.00798907224726842,18.1431789803262
0.00851369521204716,18.1479862362441
0.00908407790875297,18.152731555949
0.00970645188498355,18.1574135572791
0.0103877767484917,18.1620298518467
0.0111486976149863,18.1666517254743
0.0120065860746338,18.171296464723
0.0129810740941445,18.1759719408891
0.0141000307088893,18.1807029501284
0.0154069758706166,18.1855472624457
0.0169853564395424,18.1906515495948
0.019073705024843,18.1965104052872
0.0209127878574742,18.2011103651943
0.0228781285411988,18.2057103251015
0.0244988460101943,18.2094535918214
0.0258415925776041,18.212693658304
0.0269698888673324,18.2157125678803
0.0278824749834857,18.2186433876812
0.0285237323192751,18.2214264848413
0.0288970955337495,18.2241787586882
0.0289806787739752,18.2270402258261
0.0286925591185632,18.230270035199
0.0277184408596808,18.2345866785118
0.026836033647369,18.2372377627126
0.0257845910653441,18.2398888469135
0.0247168938124978,18.242298589928
0.0236470158560358,18.2445568046935
0.0225752166198095,18.2467307125853
0.021504228946176,18.2488575331835
0.0204377048759267,18.2509604822602
0.0193793461260894,18.2530557657468
0.0183326451708457,18.2551556438146
0.0173008163939522,18.2572699827954
0.0162867876557566,18.2594071345816
0.0152932087490087,18.2615744847792
0.0143224635499828,18.2637788225793
0.0133766859285064,18.2660265997711
0.0124577678235737,18.2683241452591
0.0115673729401531,18.270677829996
0.0107069473914938,18.2730942183253
0.00987772698550814,18.2755802214398
0.00907987991360179,18.2781461413381
0.00829205381011548,18.2808808912875
0.00751804638324879,18.2838034638994
0.00676159862965651,18.2869368713985
0.00602670280451443,18.2903077245435
0.0053175795608542,18.293946909795
0.00463863114140432,18.2978904388904
0.00399436334791311,18.302180547759
0.00338924955063312,18.306867340639
0.0028274797563635,18.3120119457829
0.00231266570066807,18.3176920166569
0.00184755026413731,18.3240114063237
0.00144653579454202,18.3308703837265
0.00111663639603587,18.3382605738714
0.000893265087228718,18.3451517984489
0.000694403177072331,18.3533382757613
0.000532838257431419,18.3623930585451
0.00040621836222934,18.3723930585451
0.000319218290928291,18.3823930585451
0.000260405310093817,18.3923930585451
0.000221457967249813,18.4023930585452
0.000196396384949866,18.4123930585452
0.000181050645557838,18.4223930585452
0.000172584087695406,18.4323930585452
0.000169092574480536,18.4423930585452
0.000169307113298528,18.4523930585452
0.00017239280845893,18.4623930585452
0.00017781903683025,18.4723930585452
0.000185276232404911,18.4823930585452
0.000194622384065302,18.4923930585452
0.000205849590452835,18.5023930585452
0.000219065606144911,18.5123930585452
0.000234487874069977,18.5223930585452
0.00025244918107073,18.5323930585452
0.000273415579693447,18.5423930585452
0.00029801905875761,18.5523930585452
0.000327110044387194,18.5623930585452
0.00036183884353724,18.5723930585452
0.000403781864844427,18.5823930585452
0.00045514033575971,18.5923930585452
0.000514431741640586,18.6017319363524
0.000582079404332113,18.6103510862051
0.000659168030053491,18.6183026190586
0.000746987252471925,18.6256389977316
0.000847011220727872,18.6324090117673
0.000960911209821332,18.6386579266644
0.00109057898778777,18.6444277572866
0.00123815572332859,18.6497575123126
0.00140606588609699,18.6546834126843
0.00159705540701365,18.6592390998096
0.0018142380503158,18.6634558360091
0.00206114956758833,18.6673626961642
0.00234181467354972,18.6709867513183
0.00266082952680591,18.6743532544637
0.00302346661480408,18.6774858345519
0.00343581154881754,18.6804067013821
0.00390494477769397,18.683136872887
0.00443919302442181,18.6856964451569
0.00504848947722051,18.6881049328945
0.00574491290201117,18.690381733684
0.00651506845918043,18.6924761560543
0.00736825606629749,18.6944230054099
0.00831901416593954,18.6962581410151
0.00938995520841905,18.6980195574653
0.0106209939128814,18.6997559830342
0.0121211490638307,18.7015775360487
0.0143106338822742,18.7038530558989
0.0158971022542067,18.7053220496657
0.0175832564213934,18.7067910434325
0.0191273904977625,18.7081047026758
0.0204995391735841,18.709292144162
0.0217292791683884,18.7104207441343
0.022818093853684,18.7115343969008
0.0237492279253778,18.7126718243486
0.0244878244242446,18.7138820102122
0.024964904125793,18.7152543101675
0.0249815192695364,18.7170757288443
0.0244232186819259,18.7187403846372
0.0234164893912419,18.7204050404301
0.0222745693969485,18.7218455626514
0.0209955287284701,18.723251433458
0.0195819652216811,18.7246922490332
0.0180429521267171,18.7262075212876
0.0168935562420728,18.7273332405386
0.015769305822521,18.7284589597896
0.014658545107004,18.7296293224831
0.0122435196039451,18.7324336512585
0.0101079837427156,18.7353128757046
0.00842178254765688,18.7379664157141
0.00706003645485147,18.7404548167439
0.00587261233326263,18.7429736089596
0.00482958576880267,18.7455553476323
0.00391121513478669,18.7482236819972
0.00310178112989348,18.7510018438008
0.00242749269463261,18.7537398217721
0.00188514388909616,18.7563254953349
0.00143894318586091,18.7587964739796
0.00106237869694415,18.7611974633907
0.000736748404700512,18.7635717944935
0.000448546250229317,18.7659629832796
0.000185611436317899,18.7684380663034
-7.1676558300591e-05,18.7711914159861
-0.000268345518131889,18.773559985246
-0.000446092179200023,18.7759285545058
-0.0005809741533287,18.7778867640341
-0.000692264976959749,18.7796152821334
-0.000793690231790703,18.7812840079541
-0.000892492962421915,18.7829981729089
-0.000995473286785695,18.7848797254529
-0.00111506031899849,18.787186937567
-0.00133146298836864,18.7916878298691
-0.00151920426524723,18.79592003489
-0.00166801651177427,18.7994830430143
-0.00181690493271033,18.803236617209
-0.00199385744260944,18.8079960152036
-0.00217714335597058,18.8135610341052
-0.00229828957091087,18.8183934152986
-0.00235299741891243,18.8227447921749
-0.00233005951760481,18.8266418826575
-0.00222169244262233,18.8301514536571
-0.00202136784733583,18.8333537133463
-0.00172232043007693,18.836318128314
-0.00131710555425121,18.839099329556
-0.000794975142021034,18.8417518308586
-0.000133669249412694,18.8443523135431
0.000719957167368303,18.8470321409292
0.00190459564582488,18.8500592493013
0.00340627353078118,18.853262948846
0.00525888926686546,18.8566576377925
0.00652838442036747,18.8587298059615
0.00792674332638128,18.8608019741306
0.00937518621225039,18.8627291195993
0.0108417531517198,18.8644672754214
0.0124053978394347,18.8661067201066
0.0141192192434122,18.8676839291949
0.0159866070750751,18.8691826883775
0.0180619535374104,18.8706289273447
0.0203655548277228,18.872017793694
0.0229370896721696,18.873356230442
0.0258102457826849,18.8746453328287
0.0290185165035811,18.8758853609257
0.0326096112088397,18.8770808283251
0.0366329186450747,18.8782344165877
0.0411454977071438,18.8793490623622
0.0462130263675654,18.8804277379715
0.0519170018104771,18.8814744133653
0.0583521238289559,18.8824927301062
0.0656322936691934,18.883486556661
0.0738963291490545,18.88446008222
0.0833150979177955,18.885417862752
0.0941057968202851,18.8863652940203
0.106547728582815,18.8873086770122
0.121012144602429,18.8882558531364
0.138012676820581,18.8892171780045
0.158301130072405,18.8902074262448
0.181810888975438,18.8912004082636
0.209131661430438,18.892205195879
0.241080280390901,18.8932361517587
0.278845112074336,18.8943161187516
0.323026985568926,18.8954543904762
0.364607094444654,18.8964541651934
0.399148945301291,18.8972666602794
0.42896435438144,18.8979825873146
0.45503108207293,18.8986489815974
0.477526164271771,18.8992933289408
0.49619214197085,18.8999376513122
0.510339480357261,18.9006052869614
0.518574248111836,18.9013287181584
0.51804323920747,18.9021382637799
0.506385052262441,18.9029633507665
0.482362800077634,18.9038203660929
0.44433829744326,18.9047215583075
0.390458232679249,18.9056757335814
0.345977450869274,18.9063308982954
0.296302197586782,18.9069860630094
0.25202480176952,18.9075313391724
0.214186906513123,18.9079839587871
0.18100870909969,18.9083803093325
0.151317509118761,18.908741907419
0.124416305226509,18.9090817092469
0.0998352598378908,18.9094088539657
0.0772013689775552,18.9097311789026
0.0561439421078672,18.9100573795453
0.0361328902977417,18.9104013258473
0.0157442128416309,18.9108023410485
0.00818544818188958,18.9109693070292
0.0011590858724119,18.9111362730099
-0.00672988859073206,18.9113403967674
-0.0133333461404052,18.9115281790315
-0.019241138992428,18.9117126796182
-0.0252155304878875,18.9119193775706
-0.0310008041400207,18.9121445183027
-0.0364306702890086,18.9123857117567
-0.0414127567162621,18.9126420616369
-0.0458987715290249,18.9129136543314
-0.0498668384566601,18.9132012706477
-0.0534416070168752,18.913520260537
-0.056295860338051,18.9138425637738
-0.058634762028592,18.9141860559779
-0.0604736433395171,18.914553863148
-0.0618267595834937,18.9149495714926
-0.0627078246967021,18.915377605972
-0.063128514679559,18.9158434784446
-0.0630968282336133,18.916354154981
-0.0626150401077826,18.9169186248757
-0.0616741360738617,18.9175503388668
-0.0602505398699135,18.9182666444054
-0.0582960921039665,18.9190935283122
-0.0557116459259366,18.9200750995318
-0.0522523862253785,18.9213074158696
-0.0482080915391653,18.922707014952
-0.0442929659143811,18.9240594916919
-0.0405580983198295,18.9253702608531
-0.0370282924702175,18.9266419353365
-0.0337160647453357,18.9278755365209
-0.0306267908636795,18.9290712772624
-0.0277610262791397,18.930228976503
-0.0251157624871162,18.9313482773645
-0.02268525013516,18.9324287597678
-0.020461630601516,18.9334699939669
-0.0184354695352364,18.9344715591148
-0.0165962264029136,18.9354330398097
-0.0149326707400335,18.9363540077199
-0.0133665566073225,18.9372743885475
-0.0118601959957933,18.9382183649829
-0.0104180244551928,18.9391875715502
-0.00904397177683075,18.9401841455736
-0.0077417678715719,18.9412105966406
-0.00651489044638509,18.9422699007339
-0.00536651307815932,18.9433656224193
-0.00429945102409857,18.9445020796677
-0.00331610467372916,18.9456845714517
-0.00241840011562099,18.9469197008033
-0.00160772557595926,18.9482158486363
-0.000884861222475787,18.9495838967338
-0.000249897432514604,18.95103838617
0.000297868339413214,18.9525994922945
0.000744875244787138,18.9542326847481
0.00109391620999206,18.955914663425
0.00136102528170758,18.9576637759939
0.00156066174874658,18.9595019329232
0.00170643696350925,18.9614585855086
0.00181155095433473,18.9635758436073
0.0018894618374777,18.9659193074521
0.00195522601368727,18.9686052861652
0.00202952387057697,18.9718941765698
0.00212785180944477,18.9756399069091
0.00225367692110907,18.9795069617496
0.00239961605151555,18.9832935903569
0.00256211988319081,18.9870683465364
0.00273773455886913,18.9908815153863
0.00292414711227011,18.9947719924662
0.00312045355697539,18.9987731392528
0.00332707021791739,19.0029160035049
0.00354553237224596,19.0072313185165
0.00377828859854622,19.011750967628
0.00402857435215821,19.0165093569963
0.00430045537206352,19.0215448596884
0.00459913005493512,19.0269011281723
0.00492331600214116,19.0324871820416
0.00525274953289629,19.0378970800401
0.00559620869479963,19.0432395171057
0.00595389317300736,19.0484706582704
0.00633027957901876,19.0536123139536
0.00672914476327501,19.0586709608348
0.00715484801543274,19.0636565018474
0.00761187595682295,19.0685748869574
0.00810504954810953,19.0734299077775
0.00863959061898278,19.0782230561166
0.00922125026952575,19.082954072118
0.00985641653068373,19.0876212954609
0.0105522353861529,19.0922222081259
0.011334097451654,19.0968516875767
0.0122163526095517,19.1015017183691
0.0132207544166823,19.1061869227232
0.01437763544708,19.1109366817726
0.0157363535369178,19.1158216597098
0.0173978878804754,19.1210277962116
0.019701223386441,19.1272754691021
0.0214201136778919,19.1314685628353
0.0232267869241663,19.1356616565686
0.0247751005246553,19.1392526307513
0.0260737407582204,19.1424331633292
0.0271626289580309,19.1454291457186
0.0280229260226741,19.1483220718442
0.0286142372213155,19.151090012378
0.0289360556166487,19.1538506650674
0.0289593545353076,19.1567541881263
0.028578931142272,19.1601152445979
0.0278078087398269,19.1634276188573
0.0267046829349319,19.1667399931167
0.0256149747396317,19.1694350107822
0.0245440894504683,19.1718205140556
0.023473602287955,19.1740620505886
0.0224016860667743,19.1762263764793
0.0213311584097784,19.1783480321111
0.0202657043025535,19.1804487976686
0.0192090004507552,19.182544091348
0.0181644962086937,19.1846457054118
0.0171353595349185,19.1867632126169
0.0161244720062919,19.1889047781415
0.0151344399550995,19.1910776680612
0.0141676056209402,19.193288601032
0.0132260623700621,19.1955439967426
0.0123116658045149,19.1978501757572
0.0114260418571622,19.200213533812
0.0105706035193092,19.2026406757764
0.00974655294736913,19.2051385824113
0.00895012528465964,19.2077308642898
0.00816432325924764,19.2104949016285
0.00739293483123327,19.2134503021751
0.00663974332044716,19.2166206233924
0.00590877996530153,19.2200331259003
0.00520429847821581,19.2237194725394
0.00453072456141867,19.2277166072464
0.00389257070151353,19.2320679120376
0.00329428023367668,19.2368250516024
0.00273997482960324,19.2420513521497
0.00223313951821954,19.2478279674303
0.00177636385935505,19.2542642064678
0.00138652142399757,19.261205160528
0.00106965986831241,19.2686933027977
0.000813941402933078,19.2772168851686
0.000642744362576185,19.2850487512124
0.000491529032797634,19.2944016514478
0.000377727453168959,19.3044016514478
0.000299786604130768,19.3144016514478
0.000247353392486763,19.3244016514478
0.000212868251739858,19.3344016514478
0.000190923769358603,19.3444016514478
0.00017777211070128,19.3544016514478
0.000170875322171406,19.3644016514478
0.000168534725459382,19.3744016514478
0.000169621972558807,19.3844016514478
0.000173399997729262,19.3944016514478
0.000179408201202663,19.4044016514478
0.000187388989427483,19.4144016514478
0.00019724078030096,19.4244016514478
0.000208989242883454,19.4344016514478
0.000222772554479273,19.4444016514478
0.000238838695879306,19.4544016514478
0.000257554345508012,19.4644016514478
0.000279426477458636,19.4744016514478
0.000305139755825431,19.4844016514478
0.00033561571312275,19.4944016514478
0.000372104291629951,19.5044016514478
0.000416326116473377,19.5144016514478
0.000470015090848238,19.5242866546024
0.000531463043530726,19.5334308485034
0.000601528519870648,19.5418670169955
0.000681363223079388,19.5496497924595
0.000772306165167424,19.55683073208
0.000875882595054041,19.5634576689397
0.000993820469838183,19.5695749839953
0.0011280754984572,19.575223874667
0.00128086144515803,19.5804425911925
0.00145468508358836,19.5852666517202
0.00165238631579292,19.5897290483031
0.00187718643322657,19.5938604455614
0.00213274558329883,19.5976893696665
0.00242323300817505,19.6012423916663
0.00275341535819379,19.6045443151615
0.0031287687119089,19.6076183730688
0.00355562592007693,19.6104864369105
0.00404137441234579,19.6131692535328
0.00459473184769138,19.6156867309518
0.00522614587040215,19.6180583053611
0.00594142292515244,19.6202836619969
0.00673248518808115,19.6223357342003
0.00760991755078713,19.624249807457
0.0085899247959722,19.6260618270928
0.00969842754100003,19.6278114882182
0.0109833481717972,19.629553396328
0.0126023552950844,19.63144242919
0.0150803925843056,19.6339126186608
0.0166228917434577,19.635295773293
0.0182338931878772,19.6366789279252
0.0196995157989958,19.6379289141941
0.0210116066765032,19.6390862026739
0.0221847345020346,19.6402042654712
0.0232120722814528,19.6413228962041
0.0240701616815106,19.6424829443894
0.024713739494758,19.6437440360056
0.0250448970762689,19.6452365579917
0.0246639422143503,19.6475135257207
0.0239019415071447,19.649007510278
0.0228322852065851,19.6505014948352
0.0216211318111626,19.6519090789556
0.0202709569734473,19.6533274998404
0.018790917892352,19.6548027732383
0.0171892251750009,19.6563718435194
0.0165876158906054,19.6569632437652
0.0159968436431996,19.6575546440109
0.0136555920291132,19.6600741452143
0.0112054394988441,19.6631049837576
0.00928152004564309,19.6658911876681
0.00775955053797837,19.6684589559179
0.00648370738806176,19.6709576810858
0.00536676360715587,19.6735030090669
0.00438434224893566,19.6761225439051
0.00351881848184744,19.6788394922328
0.00275924342232085,19.6816636023761
0.00215415808517089,19.68432063895
0.00166247020195437,19.6868414695499
0.00125282249856672,19.6892695094104
0.0009028522987905,19.6916490283047
0.000596695258306098,19.694023008221
0.000322021281074855,19.6964422691064
6.47116734480669e-05,19.6990137802248
-0.000212446616763096,19.7021874165825
-0.000367660991128459,19.7041811289784
-0.000510719607774777,19.7061748413742
-0.000631033041417741,19.7079774618935
-0.000736639783779903,19.7096604932674
-0.000836247961229836,19.7113379802928
-0.000936345984046427,19.7131142557262
-0.00104528977774511,19.7151521422693
-0.00118628071435511,19.717951045476
-0.00137639946247974,19.7220055085918
-0.00152325177799669,19.7253499566316
-0.00165412914705754,19.7284818517156
-0.00179531573490285,19.7320239233919
-0.00196406558689329,19.7365197730737
-0.0021553084748963,19.7422099605246
-0.00228321397576342,19.7470974424293
-0.0023463851791854,19.7515077018357
-0.0023331008920148,19.7554527106326
-0.00223530732150258,19.7590041099533
-0.00204651127477502,19.7622369675693
-0.00176014118453587,19.765222884789
-0.0013683892211018,19.7680221912695
-0.000860626671954414,19.7706889937832
-0.00021662838041277,19.7732941201809
0.000608545401046395,19.7759506023678
0.00175616049495711,19.7789497434284
0.00321874181734529,19.782130260254
0.00503559940881705,19.7855156181411
0.00633108407108236,19.7876634357443
0.00775931836157921,19.7898112533476
0.00917093021113604,19.7917180832185
0.0106469264143571,19.793496796643
0.0121875291882872,19.7951400028425
0.0138704022157754,19.7967175887546
0.0157119916746917,19.7982246609855
0.0177568130926334,19.7996782559448
0.0200268106496597,19.8010747735506
0.0225603782956494,19.802420558975
0.0253892610940407,19.8037160208428
0.0285490596387401,19.8049626077603
0.0320852897354143,19.8061641762188
0.03604630651527,19.8073233756873
0.0404860214123912,19.8084426638843
0.0454723351549477,19.809525940002
0.0510832911165501,19.8105767247379
0.0574111882525544,19.8115986198713
0.0645669304394117,19.8125954575531
0.0726849986157587,19.8135713252197
0.0819315972208003,19.8145307744717
0.0925165240154184,19.8154790660342
0.104708717007774,19.8164223249031
0.118863906773963,19.8173681171712
0.135470854751975,19.8183263331663
0.155238077010601,19.8193109073284
0.17825912562398,19.8203027678334
0.204993148581803,19.8213047137481
0.236219987543822,19.8223303056589
0.273053799634658,19.8234005719516
0.316655334516694,19.8245380261239
0.3596128060618,19.825577051296
0.395001086418079,19.8264088563293
0.425390546048343,19.8271340139859
0.45195679884375,19.8278048788245
0.474955152211851,19.828450511202
0.494181850057911,19.8290932340342
0.50901422751721,19.8297558614916
0.518184205110043,19.8304689947262
0.519009255281839,19.831277612829
0.508827539841539,19.8320995396437
0.486458257697798,19.8329516001492
0.450304244422486,19.8338466256189
0.398524188630733,19.8347936371234
0.353341922037073,19.8354739990177
0.302385597457872,19.836154360912
0.257032842250913,19.8367159281663
0.21848846679757,19.8371775846523
0.184813251574782,19.8375792518402
0.154737795957806,19.8379441564163
0.127522114586942,19.8382859807205
0.102677002532867,19.8386141655263
0.0798224481885622,19.8389366000395
0.0585928604004295,19.8392617333834
0.0384928097918381,19.8396023793148
0.0183169441442755,19.8399917142654
0.00971846807493682,19.8401780082249
0.00178646711931973,19.8403643021844
-0.00663551120648939,19.8405811886518
-0.0132770191723966,19.840769760185
-0.019184048653543,19.8409539706174
-0.0251603629999266,19.8411604025102
-0.0309498571926593,19.8413853089636
-0.0363852216540953,19.8416262815811
-0.0413734597542734,19.8418824116025
-0.045865907914124,19.8421537768474
-0.049840465601871,19.8424411515509
-0.0534021009666345,19.8427578555828
-0.0562659603485015,19.8430797127972
-0.058614439030321,19.8434227367702
-0.06046258274827,19.8437900163632
-0.0618246449333609,19.8441851241946
-0.0627143669155405,19.8446124684917
-0.0631434785755409,19.8450775392886
-0.0631200625943826,19.8455872731555
-0.0626465172707026,19.8461506177763
-0.0617140806599635,19.8467809299479
-0.0602994731602852,19.8474954705102
-0.0583550944005402,19.8483200259938
-0.0557830748427817,19.849298243423
-0.0523430214599478,19.8505245872075
-0.0482962709011224,19.851925243258
-0.0443775241305767,19.8532785886466
-0.0406383942156517,19.8545901699675
-0.0371039950696386,19.8558626369986
-0.0337870148395953,19.8570970290759
-0.0306929415518389,19.8582935675104
-0.0278224129920651,19.8594520747637
-0.0251724844175976,19.8605721949528
-0.0227374564653584,19.8616535077942
-0.0205095088960155,19.8626955829073
-0.0184792354524011,19.8636979988567
-0.0166361144332265,19.8646603400159
-0.0149689259538974,19.8655821784237
-0.0134016131831694,19.866502065934
-0.0118939448038287,19.8674455250638
-0.0104503807397299,19.8684141724545
-0.00907485438620746,19.8694101383926
-0.00777110047604455,19.8704359236172
-0.00654260263630817,19.8714944930268
-0.00539254151249976,19.8725893971185
-0.00432374062610357,19.8737249357261
-0.00333860988620778,19.8749063839984
-0.00243908623213318,19.8761403129566
-0.00162657018889911,19.8774350592919
-0.000901855866780469,19.8788014415483
-0.000265049576604645,19.8802539063115
0.000284532645176675,19.881812479416
0.00073380255713667,19.8834448321737
0.00108473182632469,19.8851255743611
0.00135340702656926,19.8868730428395
0.0015543086835464,19.8887090211063
0.00170106145807348,19.8906627581949
0.00180686725951995,19.8927760103573
0.00188516677509572,19.8951136855142
0.00195095438149884,19.8977904629908
0.00202468501329373,19.9010612837686
0.00212242955733904,19.9048051452176
0.00224781063103439,19.9086775063768
0.00239331037628263,19.9124659174281
0.00255539651387164,19.9162400619717
0.00273060195976005,19.9200508801142
0.00291658997866433,19.9239375842339
0.00311243094826435,19.9279336843349
0.0033185161304203,19.932070277332
0.00353635680849308,19.9363780787995
0.00376837772243848,19.9408889009655
0.0040177869875324,19.9456370212034
0.00428861293114114,19.9506606301473
0.00458599541784272,19.9560031423037
0.00491000431823223,19.9615977085507
0.0052388064312962,19.9670095165668
0.00558170669044396,19.9723569571717
0.00593864702284684,19.9775919924188
0.00631415009042346,19.9827373817159
0.00671195715089037,19.9877992728392
0.00713642479059599,19.992787767157
0.00746697929758814,19.9963938835785
0.00781927814280728,20
