-5.773672055,0,
-5.773672055,5.797101449,5.797101449
-5.773672055,11.5942029,5.797101449
-5.773672055,17.39130435,5.797101449
-5.773672055,23.1884058,
-8.660508083,28.98550725,
-8.660508083,34.7826087,
-8.660508083,40.57971014,
-8.660508083,46.37681159,
-8.660508083,52.17391304,
-11.54734411,57.97101449,
-11.54734411,63.76811594,
-11.54734411,69.56521739,
-11.54734411,75.36231884,
-11.54734411,81.15942029,
-11.54734411,86.95652174,
-14.43418014,92.75362319,
-14.43418014,98.55072464,
-14.43418014,104.3478261,
-14.43418014,110.1449275,
-11.54734411,115.942029,
-11.54734411,121.7391304,
-11.54734411,127.5362319,
-14.43418014,133.3333333,
-11.54734411,139.1304348,
-11.54734411,144.9275362,
-11.54734411,150.7246377,
-8.660508083,156.5217391,
-8.660508083,162.3188406,
-2.886836028,168.115942,
0,173.9130435,
0,179.7101449,
0,185.5072464,
0,191.3043478,
-2.886836028,197.1014493,
-2.886836028,202.8985507,
-5.773672055,208.6956522,
-8.660508083,214.4927536,
-14.43418014,220.2898551,
-17.32101617,226.0869565,
-17.32101617,231.884058,
-17.32101617,237.6811594,
-20.20785219,243.4782609,
-20.20785219,249.2753623,
-20.20785219,255.0724638,
-23.09468822,260.8695652,
-23.09468822,266.6666667,
-23.09468822,272.4637681,
-23.09468822,278.2608696,
-23.09468822,284.057971,
-17.32101617,289.8550725,
5.773672055,295.6521739,
72.17090069,301.4492754,
132.7944573,307.2463768,
184.7575058,313.0434783,
150.1154734,318.8405797,
112.5866051,324.6376812,
63.51039261,330.4347826,
2.886836028,336.2318841,
-54.84988453,342.0289855,
-49.07621247,347.826087,
-20.20785219,353.6231884,
-11.54734411,359.4202899,
-8.660508083,365.2173913,
-8.660508083,371.0144928,
-8.660508083,376.8115942,
-8.660508083,382.6086957,
-5.773672055,388.4057971,
-8.660508083,394.2028986,
-5.773672055,400,
-5.773672055,405.7971014,
-2.886836028,411.5942029,
-2.886836028,417.3913043,
-2.886836028,423.1884058,
0,428.9855072,
0,434.7826087,
0,440.5797101,
0,446.3768116,
2.886836028,452.173913,
2.886836028,457.9710145,
8.660508083,463.7681159,
8.660508083,469.5652174,
11.54734411,475.3623188,
17.32101617,481.1594203,
17.32101617,486.9565217,
23.09468822,492.7536232,
25.98152425,498.5507246,
28.86836028,504.3478261,
34.64203233,510.1449275,
40.41570439,515.942029,
43.30254042,521.7391304,
46.18937644,527.5362319,
49.07621247,533.3333333,
51.9630485,539.1304348,
51.9630485,544.9275362,
54.84988453,550.7246377,
51.9630485,556.5217391,
49.07621247,562.3188406,
46.18937644,568.115942,
40.41570439,573.9130435,
34.64203233,579.7101449,
28.86836028,585.5072464,
23.09468822,591.3043478,
17.32101617,597.1014493,
11.54734411,602.8985507,
5.773672055,608.6956522,
5.773672055,614.4927536,
2.886836028,620.2898551,
2.886836028,626.0869565,
2.886836028,631.884058,
2.886836028,637.6811594,
2.886836028,643.4782609,
0,649.2753623,
0,655.0724638,
0,660.8695652,
0,666.6666667,
0,672.4637681,
0,678.2608696,
0,684.057971,
0,689.8550725,
0,695.6521739,
0,701.4492754,
0,707.2463768,
0,713.0434783,
0,718.8405797,
0,724.6376812,
0,730.4347826,
0,736.2318841,
0,742.0289855,
0,747.826087,
0,753.6231884,
0,759.4202899,
0,765.2173913,
0,771.0144928,
0,776.8115942,
0,782.6086957,
-2.886836028,788.4057971,
-2.886836028,794.2028986,
-2.886836028,800,
-2.886836028,805.7971014,
-2.886836028,811.5942029,
-2.886836028,817.3913043,
-5.773672055,823.1884058,
-5.773672055,828.9855072,
-5.773672055,834.7826087,
-5.773672055,840.5797101,
-2.886836028,846.3768116,
-2.886836028,852.173913,
-5.773672055,857.9710145,
-5.773672055,863.7681159,
-5.773672055,869.5652174,
-2.886836028,875.3623188,
-2.886836028,881.1594203,
0,886.9565217,
0,892.7536232,
0,898.5507246,
2.886836028,904.3478261,
5.773672055,910.1449275,
5.773672055,915.942029,
2.886836028,921.7391304,
2.886836028,927.5362319,
2.886836028,933.3333333,
2.886836028,939.1304348,
0,944.9275362,
-2.886836028,950.7246377,
-8.660508083,956.5217391,
-8.660508083,962.3188406,
-8.660508083,968.115942,
-11.54734411,973.9130435,
-11.54734411,979.7101449,
-11.54734411,985.5072464,
-11.54734411,991.3043478,
-14.43418014,997.1014493,
-14.43418014,1002.898551,
-14.43418014,1008.695652,
-14.43418014,1014.492754,
-11.54734411,1020.289855,
-2.886836028,1026.086957,
28.86836028,1031.884058,
101.039261,1037.681159,
167.4364896,1043.478261,
213.6258661,1049.275362,
178.9838337,1055.072464,
115.4734411,1060.869565,
57.73672055,1066.666667,
-17.32101617,1072.463768,
-46.18937644,1078.26087,
-28.86836028,1084.057971,
-8.660508083,1089.855072,
0,1095.652174,
0,1101.449275,
0,1107.246377,
0,1113.043478,
0,1118.84058,
2.886836028,1124.637681,
2.886836028,1130.434783,
2.886836028,1136.231884,
2.886836028,1142.028986,
2.886836028,1147.826087,
2.886836028,1153.623188,
5.773672055,1159.42029,
5.773672055,1165.217391,
5.773672055,1171.014493,
8.660508083,1176.811594,
11.54734411,1182.608696,
14.43418014,1188.405797,
17.32101617,1194.202899,
20.20785219,1200,
23.09468822,1205.797101,
25.98152425,1211.594203,
25.98152425,1217.391304,
31.7551963,1223.188406,
37.52886836,1228.985507,
40.41570439,1234.782609,
43.30254042,1240.57971,
49.07621247,1246.376812,
54.84988453,1252.173913,
57.73672055,1257.971014,
60.62355658,1263.768116,
63.51039261,1269.565217,
66.39722864,1275.362319,
66.39722864,1281.15942,
66.39722864,1286.956522,
66.39722864,1292.753623,
60.62355658,1298.550725,
54.84988453,1304.347826,
46.18937644,1310.144928,
40.41570439,1315.942029,
34.64203233,1321.73913,
25.98152425,1327.536232,
23.09468822,1333.333333,
17.32101617,1339.130435,
14.43418014,1344.927536,
11.54734411,1350.724638,
8.660508083,1356.521739,
5.773672055,1362.318841,
5.773672055,1368.115942,
5.773672055,1373.913043,
5.773672055,1379.710145,
5.773672055,1385.507246,
2.886836028,1391.304348,
2.886836028,1397.101449,
2.886836028,1402.898551,
2.886836028,1408.695652,
2.886836028,1414.492754,
2.886836028,1420.289855,
2.886836028,1426.086957,
2.886836028,1431.884058,
2.886836028,1437.681159,
2.886836028,1443.478261,
5.773672055,1449.275362,
5.773672055,1455.072464,
5.773672055,1460.869565,
5.773672055,1466.666667,
5.773672055,1472.463768,
5.773672055,1478.26087,
5.773672055,1484.057971,
5.773672055,1489.855072,
5.773672055,1495.652174,
2.886836028,1501.449275,
2.886836028,1507.246377,
2.886836028,1513.043478,
2.886836028,1518.84058,
2.886836028,1524.637681,
2.886836028,1530.434783,
2.886836028,1536.231884,
2.886836028,1542.028986,
0,1547.826087,
2.886836028,1553.623188,
2.886836028,1559.42029,
0,1565.217391,
0,1571.014493,
-2.886836028,1576.811594,
-2.886836028,1582.608696,
-2.886836028,1588.405797,
-2.886836028,1594.202899,
-2.886836028,1600,
0,1605.797101,
0,1611.594203,
2.886836028,1617.391304,
2.886836028,1623.188406,
5.773672055,1628.985507,
5.773672055,1634.782609,
8.660508083,1640.57971,
5.773672055,1646.376812,
5.773672055,1652.173913,
5.773672055,1657.971014,
5.773672055,1663.768116,
2.886836028,1669.565217,
0,1675.362319,
-2.886836028,1681.15942,
-5.773672055,1686.956522,
-8.660508083,1692.753623,
-8.660508083,1698.550725,
-11.54734411,1704.347826,
-11.54734411,1710.144928,
-11.54734411,1715.942029,
-11.54734411,1721.73913,
-14.43418014,1727.536232,
-14.43418014,1733.333333,
-14.43418014,1739.130435,
-14.43418014,1744.927536,
-11.54734411,1750.724638,
5.773672055,1756.521739,
60.62355658,1762.318841,
92.37875289,1768.115942,
167.4364896,1773.913043,
210.73903,1779.710145,
132.7944573,1785.507246,
63.51039261,1791.304348,
-5.773672055,1797.101449,
-49.07621247,1802.898551,
-46.18937644,1808.695652,
-23.09468822,1814.492754,
-5.773672055,1820.289855,
-2.886836028,1826.086957,
-2.886836028,1831.884058,
-2.886836028,1837.681159,
-2.886836028,1843.478261,
-2.886836028,1849.275362,
-2.886836028,1855.072464,
-2.886836028,1860.869565,
-2.886836028,1866.666667,
0,1872.463768,
0,1878.26087,
0,1884.057971,
2.886836028,1889.855072,
2.886836028,1895.652174,
2.886836028,1901.449275,
5.773672055,1907.246377,
5.773672055,1913.043478,
8.660508083,1918.84058,
11.54734411,1924.637681,
14.43418014,1930.434783,
17.32101617,1936.231884,
20.20785219,1942.028986,
23.09468822,1947.826087,
25.98152425,1953.623188,
31.7551963,1959.42029,
34.64203233,1965.217391,
40.41570439,1971.014493,
43.30254042,1976.811594,
46.18937644,1982.608696,
51.9630485,1988.405797,
54.84988453,1994.202899,
54.84988453,2000,
57.73672055,2005.797101,
57.73672055,2011.594203,
57.73672055,2017.391304,
54.84988453,2023.188406,
49.07621247,2028.985507,
43.30254042,2034.782609,
40.41570439,2040.57971,
31.7551963,2046.376812,
25.98152425,2052.173913,
20.20785219,2057.971014,
14.43418014,2063.768116,
8.660508083,2069.565217,
5.773672055,2075.362319,
5.773672055,2081.15942,
2.886836028,2086.956522,
2.886836028,2092.753623,
2.886836028,2098.550725,
2.886836028,2104.347826,
2.886836028,2110.144928,
2.886836028,2115.942029,
2.886836028,2121.73913,
0,2127.536232,
0,2133.333333,
0,2139.130435,
0,2144.927536,
0,2150.724638,
0,2156.521739,
0,2162.318841,
0,2168.115942,
0,2173.913043,
0,2179.710145,
0,2185.507246,
0,2191.304348,
0,2197.101449,
0,2202.898551,
0,2208.695652,
0,2214.492754,
0,2220.289855,
0,2226.086957,
0,2231.884058,
-2.886836028,2237.681159,
-2.886836028,2243.478261,
-2.886836028,2249.275362,
-2.886836028,2255.072464,
-2.886836028,2260.869565,
-2.886836028,2266.666667,
-5.773672055,2272.463768,
-5.773672055,2278.26087,
-5.773672055,2284.057971,
-5.773672055,2289.855072,
-5.773672055,2295.652174,
-8.660508083,2301.449275,
-8.660508083,2307.246377,
-8.660508083,2313.043478,
-5.773672055,2318.84058,
-5.773672055,2324.637681,
-8.660508083,2330.434783,
-5.773672055,2336.231884,
-5.773672055,2342.028986,
-2.886836028,2347.826087,
-2.886836028,2353.623188,
0,2359.42029,
0,2365.217391,
0,2371.014493,
0,2376.811594,
2.886836028,2382.608696,
2.886836028,2388.405797,
2.886836028,2394.202899,
2.886836028,2400,
