QRS_duration,RR_interval,PQ_interval,QT_interval,file_name,,,,,,,,,
0.0926,0.8162,0.1009,0.3203,cycle_ecg_b2_0.0107.csv,,,,,,,,,
92.64,816.17,100.86,320.26,73.51,cycle_ecg_b2_0.0107.csv,,,,,,,,
91.49,821.6,99.98,302.12,73.03,cycle_ecg_b2_0.0108.csv,,,,,,,,
94.39,827.2,82.78,328.77,72.53,cycle_ecg_b2_0.0110.csv,,,,,,,,
94.39,827.2,82.78,328.77,72.53,cycle_ecg_b2_0.0110.csv,,,,,,,,
94.39,827.2,82.78,328.77,72.53,cycle_ecg_b2_0.0110.csv,,,,,,,,
94.39,827.2,82.78,328.77,72.53,cycle_ecg_b2_0.0110.csv,,,,,,,,
94.43,830.95,89.14,329.23,72.21,cycle_ecg_b2_0.0111.csv,,,,,,,,
93.91,834.92,87.13,328.84,71.86,cycle_ecg_b2_0.0112.csv,,,,,,,,
93.91,834.92,87.13,328.84,71.86,cycle_ecg_b2_0.0112.csv,,,,,,,,
93.91,834.92,87.13,328.84,71.86,cycle_ecg_b2_0.0112.csv,,,,,,,,
93.35,839.12,85.87,328.69,71.5,cycle_ecg_b2_0.0113.csv,,,,,,,,
93.62,843.15,82.8,329.57,71.16,cycle_ecg_b2_0.0114.csv,,,,,,,,
93.23,846.85,80.31,330.12,70.85,cycle_ecg_b2_0.0115.csv,,,,,,,,
92.13,805.62,104.57,328.22,74.48,cycle_ecg_b2_0.0105.csv,,,,,,,,
90.77,791.95,106.99,325.29,75.76,cycle_ecg_b2_0.0103.csv,,,,,,,,
90.77,791.95,106.99,325.29,75.76,cycle_ecg_b2_0.0103.csv,,,,,,,,
94.2,823.05,94.61,328.7,72.9,cycle_ecg_b2_0.0109.csv,,,,,,,,
90.91,795.28,108.21,325.28,75.45,cycle_ecg_b2_a_0.1120.0104.csv,,,,,,,,
90.91,795.28,108.21,325.28,75.45,cycle_ecg_b2_a_0.1120.0104.csv,,,,,,,,
91.2,799.79,107.02,325.46,75.02,cycle_ecg_b2_a_0.1120.0105.csv,,,,,,,,
91.76,800.1,103.95,326.21,74.99,cycle_ecg_b2_a_0.1120.0106.csv,,,,,,,,
91.95,804.53,102.45,327.22,74.58,cycle_ecg_b2_a_0.1120.0107.csv,,,,,,,,
90.97,809,101.18,326.82,74.17,cycle_ecg_b2_a_0.1120.0108.csv,,,,,,,,
92.18,813.42,98.49,319.3,73.76,cycle_ecg_b2_a_0.1120.0109.csv,,,,,,,,
94.22,817.74,94.21,302.03,73.37,cycle_ecg_b2_a_0.1120.0110.csv,,,,,,,,
94.66,825.72,91.06,290.08,72.66,cycle_ecg_b2_a_0.1120.0111.csv,,,,,,,,
94.66,825.72,91.06,290.08,72.66,cycle_ecg_b2_a_0.1120.0111.csv,,,,,,,,
93.54,825.21,79.35,327.24,72.71,cycle_ecg_b2_a_0.1120.0112.csv,,,,,,,,
94.1,833.36,83.65,328.54,72,cycle_ecg_b2_a_0.1120.0114.csv,,,,,,,,
82.09,763.38,113.02,328.74,78.6,cycle_ecg_b2_a_0.01110.0104.csv,,,,,,,,
82.82,757.97,114.08,316.49,79.16,cycle_ecg_b2_a_0.01110.0103.csv,,,,,,,,
82.01,769.01,112.9,328.86,78.02,cycle_ecg_b2_a_0.01110.0105.csv,,,,,,,,
82.25,774.58,95.84,329.41,77.46,cycle_ecg_b2_a_0.01110.0106.csv,,,,,,,,
82.66,780.21,110.11,307.33,76.9,cycle_ecg_b2_a_0.01110.0107.csv,,,,,,,,
83.61,785.98,108.29,332.85,76.34,cycle_ecg_b2_a_0.01110.0108.csv,,,,,,,,
82.87,791.84,107.88,332.76,75.77,cycle_ecg_b2_a_0.01110.0109.csv,,,,,,,,
82.87,791.84,107.88,332.76,75.77,cycle_ecg_b2_a_0.01110.0109.csv,,,,,,,,
82.49,797.82,107.18,332.76,75.21,cycle_ecg_b2_a_0.01110.0110.csv,,,,,,,,
82.69,803.86,105.82,333.16,74.64,cycle_ecg_b2_a_0.01110.0111.csv,,,,,,,,
81.31,809.98,105.45,310.78,74.08,cycle_ecg_b2_a_0.01110.0112.csv,,,,,,,,
81.7,816.06,93.84,333.2,73.52,cycle_ecg_b2_a_0.01110.0113.csv,,,,,,,,
83.15,822.23,100.48,336.81,72.97,cycle_ecg_b2_a_0.01110.0114.csv,,,,,,,,
82.83,828.46,99,337.19,72.42,cycle_ecg_b2_a_0.01110.0115.csv,,,,,,,,
84.4,1049.99,62.41,342.41,57.14,cycle_ecg_b2_a_0.0081.0105.csv,,,,,,,,
85.16,1058.71,57.84,312.79,56.67,cycle_ecg_b2_a_0.0081.0106.csv,,,,,,,,
83.3,1067.92,54.9,346.72,56.18,cycle_ecg_b2_a_0.00810.0107.csv,,,,,,,,
78.93,1077.58,42.1,343.07,55.68,cycle_ecg_b2_a_0.00810.0108.csv,,,,,,,,
77.34,1087.57,50.08,344.38,55.17,cycle_ecg_b2_a_0.00810.0109.csv,,,,,,,,
76.35,1097.69,46.17,343.17,54.66,cycle_ecg_b2_a_0.00810.0110.csv,,,,,,,,
73.71,1107.92,42.71,340.83,54.16,cycle_ecg_b2_a_0.00810.0111.csv,,,,,,,,
70.7,1117.93,39.62,338.82,53.67,cycle_ecg_b2_a_0.00810.0112.csv,,,,,,,,
67.84,1127.41,36.28,338.25,53.22,cycle_ecg_b2_a_0.00810.0113.csv,,,,,,,,
65.06,1136.32,33.43,304.85,52.8,cycle_ecg_b2_a_0.00810.0114.csv,,,,,,,,
63.14,1144.35,29.7,337.15,52.43,cycle_ecg_b2_a_0.00810.0115.csv,,,,,,,,
61.19,1151.34,26.06,334.12,52.11,cycle_ecg_b2_a_0.00810.0116.csv,,,,,,,,
59.18,1157.2,22.43,334.45,51.85,cycle_ecg_b2_a_0.00810.0117.csv,,,,,,,,
56.3,1161.67,20.99,331.9,51.65,cycle_ecg_b2_a_0.00810.0118.csv,,,,,,,,
53.04,1164.94,19.24,328.87,51.5,cycle_ecg_b2_a_0.00810.0119.csv,,,,,,,,
83.3,1067.92,54.9,346.72,56.18,cycle_ecg_b3_b1_0.00810.0095.csv,,,,,,,,
82.37,1069.66,55.57,345.21,56.09,cycle_ecg_b3_b1_0.00810.0096.csv,,,,,,,,
82.12,1071.07,54.66,345.05,56.02,cycle_ecg_b3_b1_0.00810.0097.csv,,,,,,,,
81.31,1072.47,54.49,344.94,55.95,cycle_ecg_b3_b1_0.00810.0098.csv,,,,,,,,
82.08,1073.83,53.32,346.63,55.87,cycle_ecg_b3_b1_0.00810.0099.csv,,,,,,,,
82.08,1073.83,53.32,346.63,55.87,cycle_ecg_b3_b1_0.00810.0099.csv,,,,,,,,
81.28,1076.99,51.85,347.03,55.71,cycle_ecg_b3_b1_0.00810.0101.csv,,,,,,,,
80.45,1078.48,52.62,344.64,55.63,cycle_ecg_b3_b1_0.00810.0102.csv,,,,,,,,
78.83,1080.04,53.63,345.27,55.55,cycle_ecg_b3_b1_0.00810.0103.csv,,,,,,,,
79.59,1081.49,52.48,346.09,55.48,cycle_ecg_b3_b1_0.00810.0104.csv,,,,,,,,
79.29,1083.08,50.61,345.75,55.4,cycle_ecg_b3_b1_0.00810.0105.csv,,,,,,,,
80.51,1084.6,49.09,347.2,55.32,cycle_ecg_b3_b1_0.00810.0106.csv,,,,,,,,
79.75,1086.12,49.83,345.99,55.24,cycle_ecg_b3_b1_0.00810.0107.csv,,,,,,,,
94.28,788.33,95.3,325.38,76.11,cycle_ecg_b2_b1_0.01200.0111.csv,,,,,,,,
93.44,792.41,94.73,326.07,75.72,cycle_ecg_b2_b1_0.01200.0112.csv,,,,,,,,
94.94,795.36,90.07,326.95,75.44,cycle_ecg_b2_b1_0.01200.0113.csv,,,,,,,,
94.55,796.7,86.79,325.52,75.31,cycle_ecg_b2_b1_0.01200.0114.csv,,,,,,,,
95.66,802.21,82.83,322.9,74.79,cycle_ecg_b2_b1_0.01200.0115.csv,,,,,,,,
94.96,805.48,71.95,301.64,74.49,cycle_ecg_b2_b1_0.01200.0116.csv,,,,,,,,
95.17,809.27,78.8,327.64,74.14,cycle_ecg_b2_b1_0.01200.0117.csv,,,,,,,,
94.77,811.59,76.5,326.33,73.93,cycle_ecg_b2_b1_0.01200.0118.csv,,,,,,,,
94.87,813.43,73.89,326.81,73.76,cycle_ecg_b2_b1_0.01200.0119.csv,,,,,,,,
94.72,815.11,71.2,327.71,73.61,cycle_ecg_b2_b1_0.01200.0120.csv,,,,,,,,
90.65,751.86,119.39,323.76,79.8,cycle_ecg_b2_b1_0.01110.0091.csv,,,,,,,,
89.55,764.27,118.01,301.61,78.51,cycle_ecg_b2_b1_0.01110.0095.csv,,,,,,,,
90.27,767.45,117.19,323.96,78.18,cycle_ecg_b2_b1_0.01110.0096.csv,,,,,,,,
91.14,776.97,114.83,324.46,77.22,cycle_ecg_b2_b1_0.01110.0098.csv,,,,,,,,
91.41,780.91,112.2,325.48,76.83,cycle_ecg_b2_b1_0.01110.0100.csv,,,,,,,,
91.75,784.31,102.71,312.89,76.5,cycle_ecg_b2_b1_0.01110.0101.csv,,,,,,,,
91.73,786.59,108.78,297.44,76.28,cycle_ecg_b2_b1_0.01110.0102.csv,,,,,,,,
93.15,830.8,88.68,327.66,72.22,cycle_ecg_b2_b1_0.01110.0112.csv,,,,,,,,
93.15,830.8,88.68,327.66,72.22,cycle_ecg_b2_b1_0.01110.0112.csv,,,,,,,,
93.15,834.94,86.63,327.94,71.86,cycle_ecg_b2_b1_0.01110.0113.csv,,,,,,,,
93.75,838.72,83.52,328.74,71.54,cycle_ecg_b2_b1_0.01110.0114.csv,,,,,,,,
93.77,842.5,80.96,329.1,71.22,cycle_ecg_b2_b1_0.01110.0115.csv,,,,,,,,
88.6,811.97,108.55,330.79,73.89,cycle_ecg_b2_b1_0.01000.0093.csv,,,,,,,,
87.2,826.28,93.31,325.22,72.61,cycle_ecg_b2_b1_0.01000.0097.csv,,,,,,,,
87.2,826.28,93.31,325.22,72.61,cycle_ecg_b2_b1_0.01000.0097.csv,,,,,,,,
90.34,828.77,109.18,329.46,72.4,cycle_ecg_b2_b1_0.01000.0098.csv,,,,,,,,
90.56,832.82,107.88,329.59,72.04,cycle_ecg_b2_b1_0.01000.0099.csv,,,,,,,,
89.56,836.72,108.37,329.17,71.71,cycle_ecg_b2_b1_0.01000.0100.csv,,,,,,,,
89.67,840.42,106.5,329.4,71.39,cycle_ecg_b2_b1_0.01000.0101.csv,,,,,,,,
91.4,844.18,103.46,330.66,71.08,cycle_ecg_b2_b1_0.01000.0102.csv,,,,,,,,
92.27,848.32,101.21,328.91,70.73,cycle_ecg_b2_b1_0.01000.0103.csv,,,,,,,,
91.11,852.79,100.53,315.44,70.36,cycle_ecg_b2_b1_0.01000.0104.csv,,,,,,,,
91.64,857.26,98.08,302.16,69.99,cycle_ecg_b2_b1_0.01000.0105.csv,,,,,,,,
91.23,861.65,96.77,330.77,69.63,cycle_ecg_b2_b1_0.01000.0106.csv,,,,,,,,
90.81,865.95,95.33,329.24,69.29,cycle_ecg_b2_b1_0.01000.0107.csv,,,,,,,,
91.41,871.74,92.97,331.88,68.83,cycle_ecg_b2_b1_0.01000.0108.csv,,,,,,,,
84.45,876.33,75.18,324.51,68.47,cycle_ecg_b2_b1_0.01000.0109.csv,,,,,,,,
92.34,880.88,86.76,333.72,68.11,cycle_ecg_b2_b1_0.01000.0110.csv,,,,,,,,
92.69,885.59,83.68,324.41,67.75,cycle_ecg_b2_b1_0.01000.0111.csv,,,,,,,,
91.74,890.31,81.32,305.44,67.39,cycle_ecg_b2_b1_0.01000.0112.csv,,,,,,,,
91.28,895.38,78.15,332.76,67.01,cycle_ecg_b2_b1_0.01000.0113.csv,,,,,,,,
92.38,900.14,74.11,335.21,66.66,cycle_ecg_b2_b1_0.01000.0114.csv,,,,,,,,
92.83,904.92,69.96,336.21,66.3,cycle_ecg_b2_b1_0.01000.0115.csv,,,,,,,,
68.14,1118.97,35.86,337.25,53.62,cycle_ecg_b2_b1_0.00820.0114.csv,,,,,,,,
65.33,1127.35,32.54,336.44,53.22,cycle_ecg_b2_b1_0.00820.0115.csv,,,,,,,,
91.37,807.55,104.47,326.52,74.3,cycle_ecg_b2_b1_0.01110.0106.csv,,,,,,,,
90.87,802.24,105.87,326.58,74.79,cycle_ecg_b2_b1_0.01110.0105.csv,,,,,,,,
93.92,850.5,77.01,322.57,70.55,cycle_ecg_b2_b1_0.01110.0116.csv,,,,,,,,
92.05,853.9,75.52,308.71,70.27,cycle_ecg_b2_b1_0.01110.0117.csv,,,,,,,,
92.29,857.05,71.48,298.26,70.01,cycle_ecg_b2_b1_0.01110.0118.csv,,,,,,,,
93.4,860.11,67.79,331.01,69.76,cycle_ecg_b2_b1_0.01110.0119.csv,,,,,,,,
92.62,862.88,64.92,330.69,69.53,cycle_ecg_b2_b1_0.01110.0120.csv,,,,,,,,
93.62,850.52,76.63,321.18,70.55,cycle_ecg_b2_b1_0.011_wt20.90.0116.csv,,,,,,,,
92.51,853.75,75.13,308.68,70.28,cycle_ecg_b2_b1_0.011_wt20.90.0117.csv,,,,,,,,
92.82,857.04,71.1,298.01,70.01,cycle_ecg_b2_b1_0.011_wt20.90.0118.csv,,,,,,,,
92.36,860.16,68.68,329.75,69.75,cycle_ecg_b2_b1_0.011_wt20.90.0119.csv,,,,,,,,
92.82,862.89,65.57,329.2,69.53,cycle_ecg_b2_b1_0.011_wt20.90.0120.csv,,,,,,,,
79.38,1220.4,55.51,354.78,49.16,cycle_ecg_b2_b1_0.00690.0086.csv,,,,,,,,
80.85,1283.27,417,362.81,46.76,cycle_ecg_b2_b1_0.00690.0075.csv,,,,,,,,
76.55,1254.4,427.83,358.12,47.83,cycle_ecg_b2_b1_0.00690.0079.csv,,,,,,,,
74.42,1245.28,432.35,355.99,48.18,cycle_ecg_b2_b1_0.00690.0080.csv,,,,,,,,
74.71,1236.2,428.1,355.72,48.54,cycle_ecg_b2_b1_0.00690.0081.csv,,,,,,,,
64.57,1265.52,37.51,340.7,47.41,cycle_ecg_b2_b1_0.00690.0082.csv,,,,,,,,
70.48,1280.26,52.19,305.23,46.87,cycle_ecg_b2_b1_0.00690.0083.csv,,,,,,,,
74.43,1253.14,55.17,348.94,47.88,cycle_ecg_b2_b1_0.00690.0084.csv,,,,,,,,
77.78,1231.29,55.93,354.28,48.73,cycle_ecg_b2_b1_0.00690.0085.csv,,,,,,,,
79.38,1220.4,55.51,354.78,49.16,cycle_ecg_b2_b1_0.00690.0086.csv,,,,,,,,
79.76,1218.17,54.57,355.6,49.25,cycle_ecg_b2_b1_0.00690.0087.csv,,,,,,,,
79.76,1218.17,54.57,355.6,49.25,cycle_ecg_b2_b1_0.00690.0087.csv,,,,,,,,
78.14,1225.18,51.87,355.12,48.97,cycle_ecg_b2_b1_0.00690.0089.csv,,,,,,,,
79.33,1220.5,53.57,355.59,49.16,cycle_ecg_b2_b1_0.00690.0088.csv,,,,,,,,
81.21,1183.29,53.85,354.22,50.71,cycle_ecg_b2_b1_0.00710.0092.csv,,,,,,,,
80.24,1190.4,52.36,354.41,50.4,cycle_ecg_b2_b1_0.00710.0093.csv,,,,,,,,
61.26,1149.36,27.36,334.55,52.2,cycle_ecg_b2_b1_0.00810.0116.csv,,,,,,,,
61.39,1150.04,26.46,334.02,52.17,cycle_ecg_b2_b1_0.00810.0116.csv,,,,,,,,
77.22,1092.63,47.98,343.54,54.91,cycle_ecg_b2_b1_0.00810.0109.csv,,,,,,,,
85.19,1050.74,60.7,340.37,57.1,cycle_ecg_b2_b1_0.00810.0105.csv,,,,,,,,
86.2,1041.69,64.69,347.06,57.6,cycle_ecg_b2_b1_0.00810.0104.csv,,,,,,,,
85.61,1004.9,70.4,341.35,59.71,cycle_ecg_b2_b1_0.00820.0101.csv,,,,,,,,
85.45,1011.07,75.84,343.56,59.34,cycle_ecg_b2_b1_0.00820.0102.csv,,,,,,,,
86.75,1017.73,71.2,344.1,58.95,cycle_ecg_b2_b1_0.00820.0103.csv,,,,,,,,
85.29,1024.84,70.23,298.71,58.55,cycle_ecg_b2_b1_0.00820.0104.csv,,,,,,,,
84.6,1032.49,62.77,344.23,58.11,cycle_ecg_b2_b1_0.00820.0105.csv,,,,,,,,
85.86,1040.7,53.64,346.42,57.65,cycle_ecg_b2_b1_0.00820.0106.csv,,,,,,,,
84.4,1049.34,59.29,346.84,57.18,cycle_ecg_b2_b1_0.00820.0107.csv,,,,,,,,
84.63,1032.49,62.75,343.72,58.11,cycle_ecg_b3_b1_0.00820.0095.csv,,,,,,,,
85.95,1033.77,60.91,346.92,58.04,cycle_ecg_b3_b1_0.00820.0096.csv,,,,,,,,
86.08,1035.01,62.03,347.21,57.97,cycle_ecg_b3_b1_0.00820.0097.csv,,,,,,,,
86.62,1036.25,62.04,346.27,57.9,cycle_ecg_b3_b1_0.00820.0098.csv,,,,,,,,
85.13,1037.49,63.73,345.27,57.83,cycle_ecg_b3_b1_0.00820.0099.csv,,,,,,,,
85.3,1038.62,62.75,345.56,57.77,cycle_ecg_b3_b1_0.00820.0100.csv,,,,,,,,
84.86,1039.98,62.51,345.43,57.69,cycle_ecg_b3_b1_0.00820.0101.csv,,,,,,,,
84.49,1041.37,62.8,345.33,57.62,cycle_ecg_b3_b1_0.00820.0102.csv,,,,,,,,
86.01,1042.46,60.25,347.35,57.56,cycle_ecg_b3_b1_0.00820.0103.csv,,,,,,,,
85.11,1043.72,60.79,346.5,57.49,cycle_ecg_b3_b1_0.00820.0104.csv,,,,,,,,
84.73,1044.96,60.19,347.43,57.42,cycle_ecg_b3_b1_0.00820.0105.csv,,,,,,,,
86.72,1015.1,75.22,341.95,59.11,cycle_ecg_b3_b1_0.00820.0081.csv,,,,,,,,
86.72,1015.1,75.22,341.95,59.11,cycle_ecg_b3_b1_0.00820.0081.csv,,,,,,,,
86.72,1015.1,75.22,341.95,59.11,cycle_ecg_b3_b1_0.00820.0081.csv,,,,,,,,
85.45,1016.53,74.78,341.62,59.02,cycle_ecg_b3_b1_0.00820.0082.csv,,,,,,,,
76.4,1017.79,58.73,333.25,58.95,cycle_ecg_b3_b1_0.00820.0083.csv,,,,,,,,
77.06,1018.94,59.69,333.22,58.88,cycle_ecg_b3_b1_0.00820.0084.csv,,,,,,,,
79.9,1020.23,57.69,336.97,58.81,cycle_ecg_b3_b1_0.00820.0085.csv,,,,,,,,
87.43,1001.51,77.41,341.65,59.91,cycle_ecg_b3_b1_0.00830.0081.csv,,,,,,,,
87.06,990.09,85.43,338.95,60.6,cycle_ecg_b3_b1_0.00830.0070.csv,,,,,,,,
86.34,995.68,82.83,340.66,60.26,cycle_ecg_b3_b1_0.00830.0071.csv,,,,,,,,
87.04,991.96,84.08,338.72,60.49,cycle_ecg_b3_b1_0.00830.0072.csv,,,,,,,,
85.51,993.16,66.14,336.95,60.41,cycle_ecg_b3_b1_0.00830.0073.csv,,,,,,,,
86.12,994.15,83.45,338.49,60.35,cycle_ecg_b3_b1_0.00830.0074.csv,,,,,,,,
89.06,995.19,80.88,340.29,60.29,cycle_ecg_b3_b1_0.00830.0075.csv,,,,,,,,
87.32,996.24,81.67,339.79,60.23,cycle_ecg_b3_b1_0.00830.0076.csv,,,,,,,,
85.94,997.29,81.47,338.25,60.16,cycle_ecg_b3_b1_0.00830.0077.csv,,,,,,,,
86.6,1000.83,77.82,292.21,59.95,cycle_ecg_b3_b1_0.00830.0078.csv,,,,,,,,
87.04,999.41,79.61,340.04,60.04,cycle_ecg_b3_b1_0.00830.0079.csv,,,,,,,,
90.02,979.92,89.33,337.01,61.23,cycle_ecg_b3_b1_0.00830.0060.csv,,,,,,,,
90.03,980.95,88.11,339.45,61.17,cycle_ecg_b3_b1_0.00830.0061.csv,,,,,,,,
90,981.9,87.31,339.42,61.11,cycle_ecg_b3_b1_0.00830.0062.csv,,,,,,,,
89.67,982.89,87.5,339.77,61.04,cycle_ecg_b3_b1_0.00830.0063.csv,,,,,,,,
89.94,983.9,86.9,340.2,60.98,cycle_ecg_b3_b1_0.00830.0064.csv,,,,,,,,
89.92,984.9,85.84,336.5,60.92,cycle_ecg_b3_b1_0.00830.0065.csv,,,,,,,,
89.41,985.87,86.15,333.64,60.86,cycle_ecg_b3_b1_0.00830.0066.csv,,,,,,,,
91.67,961.55,99.85,333.53,62.4,cycle_ecg_b3_b1_0.00830.0040.csv,,,,,,,,
91.67,961.55,99.85,333.53,62.4,cycle_ecg_b3_b1_0.00830.0040.csv,,,,,,,,
92.03,963.27,98.05,335.37,62.29,cycle_ecg_b3_b1_0.00830.0042.csv,,,,84.210528,963.157914,76.315791,281.578953,62.29508072
92.31,964.13,97.95,334.83,62.23,cycle_ecg_b3_b1_0.00830.0043.csv,,,,,,,,
92.49,965,97.16,335.72,62.18,cycle_ecg_b3_b1_0.00830.0044.csv,,,,,,,,
91.81,966.73,96.19,335.44,62.06,cycle_ecg_b3_b1_0.00830.0046.csv,,,,,,,,
91.36,965.88,96.48,335.88,62.12,cycle_ecg_b3_b1_0.00830.0045.csv,,,,,,,,
91.81,966.73,96.19,335.44,62.06,cycle_ecg_b3_b1_0.00830.0046.csv,,,,,,,,
91.96,967.67,95.15,335.36,62,cycle_ecg_b3_b1_0.00830.0047.csv,,,,,,,,
90.86,968.57,95.64,335,61.95,cycle_ecg_b3_b1_0.00830.0048.csv,,,,,,,,
91.2,969.52,95.14,335.2,61.89,cycle_ecg_b3_b1_0.00830.0049.csv,,,,,,,,
91.16,970.37,94.31,336.03,61.83,cycle_ecg_b3_b1_0.00830.0050.csv,,,,,,,,
90.72,971.27,94.62,335.88,61.77,cycle_ecg_b3_b1_0.00830.0051.csv,,,,,,,,
91,972.25,93.12,336.65,61.71,cycle_ecg_b3_b1_0.00830.0052.csv,,,,,,,,
90.86,973.18,92.7,336.24,61.65,cycle_ecg_b3_b1_0.00830.0053.csv,,,,,,,,
91.11,974.13,92.41,339,61.59,cycle_ecg_b3_b1_0.00830.0054.csv,,,,,,,,
92.57,953.31,105.23,331.52,62.94,cycle_ecg_b3_b1_0.00830.0030.csv,,,,,,,,
91.67,954.08,105.54,331.71,62.89,cycle_ecg_b3_b1_0.00830.0031.csv,,,,,,,,
92.39,954.89,104.11,331.49,62.83,cycle_ecg_b3_b1_0.00830.0032.csv,,,,,,,,
92.13,955.75,103.8,332.32,62.78,cycle_ecg_b3_b1_0.00830.0033.csv,,,,,,,,
92.1,956.55,102.86,332.56,62.73,cycle_ecg_b3_b1_0.00830.0034.csv,,,,,,,,
92.18,957.38,102.74,332.91,62.67,cycle_ecg_b3_b1_0.00830.0035.csv,,,,,,,,
92.31,958.18,101.56,333.03,62.62,cycle_ecg_b3_b1_0.00830.0036.csv,,,,,,,,
92.66,959.01,100.52,332.76,62.56,cycle_ecg_b3_b1_0.00830.0037.csv,,,,,,,,
91.64,959.85,100.91,332.47,62.51,cycle_ecg_b3_b1_0.00830.0038.csv,,,,,,,,
92.15,960.7,100.23,334.62,62.45,cycle_ecg_b3_b1_0.00830.0039.csv,,,,,,,,
92.53,947.55,104.46,331.95,63.32,cycle_ecg_b3_b1_0.00840.0031.csv,,,,,,,,
92.58,946.32,106.14,330.65,63.4,cycle_ecg_b3_b1_0.00840.0030.csv,,,,,,,,
91.96,947.79,104.75,331.26,63.31,cycle_ecg_b3_b1_0.00840.0032.csv,,,,,,,,
92.12,948.45,104.29,331.41,63.26,cycle_ecg_b3_b1_0.00840.0033.csv,,,,,,,,
92.29,949.21,103.77,331.98,63.21,cycle_ecg_b3_b1_0.00840.0034.csv,,,,,,,,
93.04,942.61,106.68,331.89,63.65,cycle_ecg_b3_b1_0.00840.0030.csv,,,,,,,,
92.3,932.79,109.91,330.39,64.32,cycle_ecg_b3_b1_0.00850.0031.csv,,,,,,,,
90.12,933.42,111.84,328.59,64.28,cycle_ecg_b3_b1_0.00850.0032.csv,,,,,,,,
90.78,933.77,110.82,329.63,64.26,cycle_ecg_b3_b1_0.00850.0033.csv,,,,,,,,
91.57,934.54,109.25,331.14,64.2,cycle_ecg_b3_b1_0.00850.0034.csv,,,,,,,,
91.78,935.07,108.05,332.07,64.17,cycle_ecg_b3_b1_0.00850.0035.csv,,,,,,,,
90.32,935.77,109.3,330.54,64.12,cycle_ecg_b3_b1_0.00850.0036.csv,,,,,,,,
91.05,936.34,107.96,332.2,64.08,cycle_ecg_b3_b1_0.00850.0037.csv,,,,,,,,
90.96,936.72,107.33,332.07,64.05,cycle_ecg_b3_b1_0.00850.0038.csv,,,,,,,,
91.19,937.35,106.93,332.26,64.01,cycle_ecg_b3_b1_0.00850.0039.csv,,,,,,,,
91.17,925.65,106.82,322.88,64.82,cycle_ecg_b3_b1_0.00860.0030.csv,,,,,,,,
91,926.12,106.95,321.68,64.79,cycle_ecg_b3_b1_0.00860.0031.csv,,,,,,,,
92.01,926.7,106.2,321.35,64.75,cycle_ecg_b3_b1_0.00860.0032.csv,,,,,,,,
91.91,927.29,106.68,320.06,64.7,cycle_ecg_b3_b1_0.00860.0033.csv,,,,,,,,
93.02,927.61,106.29,320.06,64.68,cycle_ecg_b3_b1_0.00860.0034.csv,,,,,,,,
92.34,928.33,107.93,318.98,64.63,cycle_ecg_b3_b1_0.00860.0035.csv,,,,,,,,
90.9,928.85,109.7,315.2,64.6,cycle_ecg_b3_b1_0.00860.0036.csv,,,,,,,,
92.15,929.37,108.04,318.08,64.56,cycle_ecg_b3_b1_0.00860.0037.csv,,,,,,,,
91.89,929.56,108.19,332.3,64.55,cycle_ecg_b3_b1_0.00860.0038.csv,,,,,,,,
90.91,933.84,89.94,331.6,64.25,cycle_ecg_b3_b1_0.00860.0039.csv,,,,,,,,
85.55,919.77,93.2,323.57,65.23,cycle_ecg_b3_b1_0.00870.0031.csv,,,,,,,,
91.78,920.33,111.28,329.72,65.19,cycle_ecg_b3_b1_0.00870.0032.csv,,,,,,,,
92.98,920.77,110.03,330.32,65.16,cycle_ecg_b3_b1_0.00870.0033.csv,,,,,,,,
85.6,921.15,93.34,323.5,65.14,cycle_ecg_b3_b1_0.00870.0034.csv,,,,,,,,
89.23,921.65,92.37,327.27,65.1,cycle_ecg_b3_b1_0.00870.0035.csv,,,,,,,,
91.14,922.01,91.38,328.96,65.08,cycle_ecg_b3_b1_0.00870.0036.csv,,,,,,,,
90.04,922.5,91.58,328.14,65.04,cycle_ecg_b3_b1_0.00870.0037.csv,,,,,,,,
88.02,922.97,91.5,326.98,65.01,cycle_ecg_b3_b1_0.00870.0038.csv,,,,,,,,
87.68,923.42,89.92,327.38,64.98,cycle_ecg_b3_b1_0.00870.0039.csv,,,,,,,,
90.88,915.85,112.18,330.35,65.51,cycle_ecg_b3_b1_0.00870.0030.csv,,,,,,,,
84.51,932.98,99.15,321.92,64.31,cycle_ecg_b3_b1_0.0087_b1_0.01000.0032.csv,,,,,,,,
