99.55201592832275,nan,nan,-572.4240915878557,-99.55201592832275
99.55201592832275,-0.0,nan,-0.0,-124.44001991040344
99.55201592832275,-24.888003982080686,nan,-298.6560477849682,-82.9600132736023
24.888003982080686,-24.888003982080686,nan,-597.3120955699364,-41.48000663680113
107.84801725568295,-49.77600796416137,-74.66401194624206,-622.2000995520172,-0.0
190.8080305292853,-74.66401194624206,-49.77600796416137,-622.2000995520172,-223.99203583872617
273.7680438028876,-99.55201592832275,-24.888003982080686,-634.6441015430576,-223.99203583872617
-24.888003982080686,74.66401194624206,-0.0,-647.0881035340979,-223.99203583872617
74.66401194624206,248.88003982080687,-0.0,-485.3160776505734,-223.99203583872617
223.99203583872617,721.7521154803399,-0.0,-323.5440517670489,-223.99203583872617
-174.21602787456482,995.5201592832275,-0.0,-161.77202588352446,-223.99203583872617
-248.88003982080687,945.7441513190661,-0.0,-0.0,-223.99203583872617
-323.5440517670489,1119.960179193631,-0.0,-174.21602787456482,-223.99203583872617
-149.3280238924841,-74.66401194624206,-0.0,-348.43205574912963,-207.40003318400568
-24.888003982080686,-49.77600796416137,-0.0,-522.6480836236944,-190.8080305292853
-0.0,-49.77600796416137,-0.0,-559.9800895968154,-174.21602787456482
24.888003982080686,-49.77600796416137,-0.0,-597.3120955699364,-149.3280238924841
24.888003982080686,-37.33200597312103,-0.0,-871.0801393728241,-174.21602787456482
49.77600796416137,-24.888003982080686,-0.0,-771.5281234445013,-223.99203583872617
74.66401194624206,-24.888003982080686,-24.888003982080686,-398.208063713291,-223.99203583872617
74.66401194624206,-0.0,-74.66401194624206,-423.0960676953717,-223.99203583872617
99.55201592832275,37.33200597312103,-99.55201592832275,-472.87207565953304,-223.99203583872617
124.44001991040344,74.66401194624206,-93.33001493280257,-547.5360876057752,-0.0
174.21602787456482,111.99601791936308,-87.10801393728241,-273.7680438028876,-12.444001991040343
273.7680438028876,149.3280238924841,-80.88601294176223,-0.0,-24.888003982080686
248.88003982080687,174.21602787456482,-74.66401194624206,-0.0,-0.0
273.7680438028876,174.21602787456482,-74.66401194624206,-0.0,-91.25601460096254
273.7680438028876,174.21602787456482,-99.55201592832275,-0.0,-182.512029201925
248.88003982080687,124.44001991040344,-248.88003982080687,-0.0,-273.7680438028876
174.21602787456482,82.96001327360234,-248.88003982080687,-0.0,-248.88003982080687
144.350423096068,41.480006636801086,647.0881035340979,-0.0,-223.99203583872617
114.4848183175712,-0.0,746.6401194624206,-0.0,-223.99203583872617
84.6192135390743,-0.0,149.3280238924841,-771.5281234445013,-223.99203583872617
54.75360876057749,-0.0,-49.77600796416137,-796.416127426582,-199.1040318566455
24.888003982080686,-0.0,-49.77600796416137,-796.416127426582,-199.1040318566455
29.03600464576083,-0.0,-49.77600796416137,-771.5281234445013,-186.66002986560514
33.184005309440884,-0.0,-49.77600796416137,-730.0481168077002,-174.21602787456482
37.33200597312103,-0.0,-49.77600796416137,-688.5681101708989,-149.3280238924841
41.48000663680117,-0.0,-49.77600796416137,-647.0881035340979,-124.44001991040344
45.62800730048123,24.888003982080686,-49.77600796416137,-597.3120955699364,-99.55201592832275
49.77600796416137,49.77600796416137,-24.888003982080686,-298.6560477849682,-66.36801061888181
49.77600796416137,34.84320557491293,-49.77600796416137,-0.0,-33.18400530944093
74.66401194624206,19.910403185664478,-49.77600796416137,-0.0,-0.0
99.55201592832275,4.977600796416208,-49.77600796416137,-199.1040318566455,-124.44001991040344
124.44001991040344,-9.955201592832239,-74.66401194624206,-398.208063713291,-174.21602787456482
99.55201592832275,-24.888003982080686,-58.07200929152166,-597.3120955699364,-199.1040318566455
49.77600796416137,-24.888003982080686,-41.480006636801086,-622.2000995520172,-205.32603285216567
24.888003982080686,-49.77600796416137,-24.888003982080686,-622.2000995520172,-211.54803384768584
-0.0,-49.77600796416137,-12.444001991040343,-0.0,-217.77003484320602
-0.0,-49.77600796416137,-0.0,-0.0,-223.99203583872617
-0.0,248.88003982080687,16.5920026547204,-622.2000995520172,-220.43660669842896
24.888003982080686,460.4280736684927,33.18400530944098,-597.3120955699364,-216.88117755813172
149.3280238924841,671.9761075161786,49.77600796416137,-572.4240915878557,-213.3257484178345
273.7680438028876,995.5201592832275,24.888003982080686,-555.8320889331353,-209.77031927753717
-273.7680438028876,970.6321553011468,24.888003982080686,-539.2400862784149,-206.21489013723996
-298.6560477849682,1119.960179193631,24.888003982080686,-522.6480836236944,-202.65946099694273
-149.3280238924841,535.0920856147347,24.888003982080686,-522.6480836236944,-199.1040318566455
-49.77600796416137,-49.77600796416137,37.33200597312103,-597.3120955699364,-174.21602787456482
-0.0,-49.77600796416137,49.77600796416137,-871.0801393728241,-149.3280238924841
8.2960013273602,-24.888003982080686,49.77600796416137,-1219.5121951219537,-149.3280238924841
16.59200265472049,-24.888003982080686,49.77600796416137,-871.0801393728241,-186.66002986560514
24.888003982080686,-0.0,16.5920026547204,-398.208063713291,-223.99203583872617
37.33200597312103,-0.0,-16.5920026547204,-472.87207565953304,-223.99203583872617
49.77600796416137,24.888003982080686,-49.77600796416137,-522.6480836236944,-223.99203583872617
74.66401194624206,49.77600796416137,-24.888003982080686,-539.2400862784149,-165.9200265472046
99.55201592832275,74.66401194624206,-24.888003982080686,-555.8320889331353,-107.84801725568299
149.3280238924841,124.44001991040344,-24.888003982080686,-572.4240915878557,-49.77600796416137
199.1040318566455,124.44001991040344,-24.888003982080686,-584.8680935788962,-223.99203583872617
248.88003982080687,149.3280238924841,-24.888003982080686,-597.3120955699364,-282.06404513024773
248.88003982080687,174.21602787456482,-149.3280238924841,-597.3120955699364,-340.1360544217694
273.7680438028876,174.21602787456482,-248.88003982080687,-647.0881035340979,-398.208063713291
248.88003982080687,149.3280238924841,-99.55201592832275,-671.9761075161786,-353.4096565455457
199.1040318566455,107.84801725568303,223.99203583872617,-671.9761075161786,-308.6112493778005
170.06802721088474,66.36801061888177,423.0960676953717,-746.6401194624206,-263.8128422100553
141.03202256512392,24.888003982080686,647.0881035340979,-771.5281234445013,-219.01443504231005
111.99601791936308,-0.0,-49.77600796416137,-771.5281234445013,-174.21602787456482
82.96001327360226,-0.0,-24.888003982080686,-771.5281234445013,-174.21602787456482
53.924008627841516,-0.0,-49.77600796416137,-746.6401194624206,-0.0
24.888003982080686,-0.0,-49.77600796416137,-696.8641114982593,-149.3280238924841
24.888003982080686,-0.0,-49.77600796416137,-0.0,-136.8840219014438
24.888003982080686,-0.0,-49.77600796416137,-0.0,-124.44001991040344
24.888003982080686,24.888003982080686,-49.77600796416137,-190.80803052928525,-111.99601791936308
24.888003982080686,49.77600796416137,-49.77600796416137,-381.6160610585705,-99.55201592832275
49.77600796416137,74.66401194624206,-49.77600796416137,-572.4240915878557,-87.10801393728241
62.22000995520172,49.77600796416137,-49.77600796416137,-597.3120955699364,-74.66401194624206
74.66401194624206,24.888003982080686,-62.22000995520172,-572.4240915878557,-49.77600796416137
99.55201592832275,24.888003982080686,-74.66401194624206,-597.3120955699364,-24.888003982080686
99.55201592832275,-0.0,-74.66401194624206,-622.2000995520172,-0.0
62.22000995520172,-24.888003982080686,-74.66401194624206,-622.2000995520172,-0.0
24.888003982080686,-49.77600796416137,-74.66401194624206,-622.2000995520172,-0.0
12.444001991040343,-49.77600796416137,-24.888003982080686,-671.9761075161786,-0.0
-0.0,-74.66401194624206,-16.5920026547204,-622.2000995520172,-0.0
-0.0,-74.66401194624206,-8.296001327360289,-622.2000995520172,-0.0
-0.0,62.22000995520172,-0.0,-0.0,-0.0
136.8840219014438,199.1040318566455,-0.0,-0.0,-0.0
273.7680438028876,895.9681433549047,-0.0,-0.0,-34.84320557491297
223.99203583872617,895.9681433549047,-0.0,-0.0,-69.68641114982594
-74.66401194624206,895.9681433549047,-0.0,-0.0,-104.52961672473887
-373.3200597312103,1119.960179193631,-0.0,-522.6480836236944,-139.37282229965183
-149.3280238924841,535.0920856147347,-0.0,-871.0801393728241,-174.21602787456482
-74.66401194624206,-49.77600796416137,-0.0,-1219.5121951219537,-124.44001991040344
-0.0,-49.77600796416137,-0.0,-995.5201592832275,-124.44001991040344
12.444001991040343,-49.77600796416137,-0.0,-597.3120955699364,-149.3280238924841
24.888003982080686,-24.888003982080686,-0.0,-398.208063713291,-174.21602787456482
39.820806371329134,-12.444001991040343,-74.66401194624206,-0.0,-199.1040318566455
54.75360876057749,-0.0,-66.36801061888177,-141.03202256512387,-199.1040318566455
69.68641114982594,24.888003982080686,-58.07200929152166,-282.06404513024773,-199.1040318566455
84.6192135390743,49.77600796416137,-49.77600796416137,-423.0960676953717,-174.21602787456482
99.55201592832275,74.66401194624206,0.0,-572.4240915878557,-24.888003982080686
149.3280238924841,99.55201592832275,0.0,-597.3120955699364,24.888003982080686
199.1040318566455,124.44001991040344,0.0,-0.0,-0.0
199.1040318566455,149.3280238924841,0.0,-0.0,-211.54803384768584
199.1040318566455,149.3280238924841,0.0,-240.58403849344666,-423.0960676953717
199.1040318566455,124.44001991040344,0.0,-481.1680769868933,-248.88003982080687
199.1040318566455,99.55201592832275,0.0,-721.7521154803399,-223.99203583872617
124.44001991040344,68.4420109507219,0.0,-746.6401194624206,-211.54803384768584
74.66401194624206,37.33200597312103,0.0,-771.5281234445013,-199.1040318566455
37.33200597312103,6.222000995520172,0.0,-771.5281234445013,-199.1040318566455
-0.0,-24.888003982080686,0.0,-771.5281234445013,-199.1040318566455
-0.0,-24.888003982080686,0.0,-721.7521154803399,-186.66002986560514
-0.0,-0.0,0.0,-671.9761075161786,-174.21602787456482
10.666287420891774,-0.0,0.0,-622.2000995520172,-161.77202588352446
21.332574841783458,-0.0,0.0,-597.3120955699364,-149.3280238924841
31.998862262675143,-0.0,0.0,-597.3120955699364,-152.88345303278135
42.665149683566916,-0.0,0.0,-572.4240915878557,-156.43888217307858
53.3314371044586,-0.0,0.0,-572.4240915878557,-159.99431131337582
63.99772452535037,-0.0,0.0,-572.4240915878557,-163.5497404536731
74.66401194624206,-0.0,0.0,-572.4240915878557,-167.10516959397034
99.55201592832275,-0.0,0.0,-597.3120955699364,-170.66059873426758
99.55201592832275,0.0,0.0,-622.2000995520172,-174.21602787456482
99.55201592832275,0.0,0.0,-622.2000995520172,-199.1040318566455
49.77600796416137,0.0,0.0,-671.9761075161786,-223.99203583872617
-0.0,0.0,0.0,-647.0881035340979,-248.88003982080687
-0.0,0.0,0.0,-622.2000995520172,-248.88003982080687
-0.0,0.0,0.0,-622.2000995520172,-248.88003982080687
41.48000663680117,0.0,0.0,-0.0,-248.88003982080687
82.96001327360226,0.0,0.0,-0.0,-248.88003982080687
124.44001991040344,0.0,0.0,-0.0,-248.88003982080687
273.7680438028876,0.0,0.0,-0.0,-248.88003982080687
49.77600796416137,0.0,0.0,0.0,-273.7680438028876
-348.43205574912963,0.0,0.0,0.0,-248.88003982080687
-199.1040318566455,0.0,0.0,0.0,-124.44001991040344
-161.77202588352446,0.0,0.0,0.0,-0.0
-124.44001991040344,0.0,0.0,0.0,-199.1040318566455
-87.10801393728241,0.0,0.0,0.0,-211.54803384768584
-49.77600796416137,0.0,0.0,0.0,-223.99203583872617
-12.444001991040343,0.0,0.0,0.0,-0.0
24.888003982080686,0.0,0.0,0.0,-111.99601791936308
62.22000995520172,0.0,0.0,0.0,-223.99203583872617
99.55201592832275,0.0,0.0,0.0,-149.3280238924841
136.8840219014438,0.0,0.0,0.0,-24.888003982080686
174.21602787456482,0.0,0.0,0.0,-0.0
223.99203583872617,0.0,0.0,0.0,-0.0
248.88003982080687,0.0,0.0,0.0,-0.0
273.7680438028876,0.0,0.0,0.0,-423.0960676953717
273.7680438028876,0.0,0.0,0.0,-211.54803384768584
273.7680438028876,0.0,0.0,0.0,-0.0
273.7680438028876,0.0,0.0,0.0,-66.36801061888185
273.7680438028876,0.0,0.0,0.0,-132.73602123776368
238.21375239991508,0.0,0.0,0.0,-199.1040318566455
202.65946099694273,0.0,0.0,0.0,-174.21602787456482
167.10516959397034,0.0,0.0,0.0,-174.21602787456482
131.55087819099788,0.0,0.0,0.0,-174.21602787456482
95.99658678802551,0.0,0.0,0.0,-174.21602787456482
60.44229538505306,0.0,0.0,0.0,-149.3280238924841
24.888003982080686,0.0,0.0,0.0,-134.39522150323572
33.184005309440884,0.0,0.0,0.0,-119.46241911398731
41.48000663680117,0.0,0.0,0.0,-104.52961672473887
49.77600796416137,0.0,0.0,0.0,-89.59681433549046
74.66401194624206,0.0,0.0,0.0,-74.66401194624206
99.55201592832275,0.0,0.0,0.0,-0.0
124.44001991040344,0.0,0.0,0.0,-0.0
124.44001991040344,0.0,0.0,0.0,-0.0
99.55201592832275,0.0,0.0,0.0,-0.0
84.6192135390743,0.0,0.0,0.0,-0.0
69.68641114982594,0.0,0.0,0.0,-0.0
54.75360876057749,0.0,0.0,0.0,-0.0
39.820806371329134,0.0,0.0,0.0,-0.0
24.888003982080686,0.0,0.0,0.0,0.0
149.3280238924841,0.0,0.0,0.0,0.0
273.7680438028876,0.0,0.0,0.0,0.0
273.7680438028876,0.0,0.0,0.0,0.0
273.7680438028876,0.0,0.0,0.0,0.0
-248.88003982080687,0.0,0.0,0.0,0.0
-74.66401194624206,0.0,0.0,0.0,0.0
-0.0,0.0,0.0,0.0,0.0
12.444001991040343,0.0,0.0,0.0,0.0
24.888003982080686,0.0,0.0,0.0,0.0
37.33200597312103,0.0,0.0,0.0,0.0
49.77600796416137,0.0,0.0,0.0,0.0
62.22000995520172,0.0,0.0,0.0,0.0
74.66401194624206,0.0,0.0,0.0,0.0
99.55201592832275,0.0,0.0,0.0,0.0
129.41762070681955,0.0,0.0,0.0,0.0
159.28322548531636,0.0,0.0,0.0,0.0
189.14883026381324,0.0,0.0,0.0,0.0
219.01443504231005,0.0,0.0,0.0,0.0
248.88003982080687,0.0,0.0,0.0,0.0
199.1040318566455,0.0,0.0,0.0,0.0
149.3280238924841,0.0,0.0,0.0,0.0
99.55201592832275,0.0,0.0,0.0,0.0
49.77600796416137,0.0,0.0,0.0,0.0
-0.0,0.0,0.0,0.0,0.0
-0.0,0.0,0.0,0.0,0.0
-0.0,0.0,0.0,0.0,0.0
-0.0,0.0,0.0,0.0,0.0
-24.888003982080686,0.0,0.0,0.0,0.0
-0.0,0.0,0.0,0.0,0.0
-0.0,0.0,0.0,0.0,0.0
-0.0,0.0,0.0,0.0,0.0
-0.0,0.0,0.0,0.0,0.0
24.888003982080686,0.0,0.0,0.0,0.0
37.33200597312103,0.0,0.0,0.0,0.0
49.77600796416137,0.0,0.0,0.0,0.0
33.184005309440884,0.0,0.0,0.0,0.0
16.59200265472049,0.0,0.0,0.0,0.0
-0.0,0.0,0.0,0.0,0.0
-0.0,0.0,0.0,0.0,0.0
-0.0,0.0,0.0,0.0,0.0
-0.0,0.0,0.0,0.0,0.0
24.888003982080686,0.0,0.0,0.0,0.0
149.3280238924841,0.0,0.0,0.0,0.0
373.3200597312103,0.0,0.0,0.0,0.0
373.3200597312103,0.0,0.0,0.0,0.0
273.7680438028876,0.0,0.0,0.0,0.0
-149.3280238924841,0.0,0.0,0.0,0.0
-49.77600796416137,0.0,0.0,0.0,0.0
-24.888003982080686,0.0,0.0,0.0,0.0
-8.2960013273602,0.0,0.0,0.0,0.0
8.2960013273602,0.0,0.0,0.0,0.0
24.888003982080686,0.0,0.0,0.0,0.0
41.48000663680117,0.0,0.0,0.0,0.0
58.072009291521574,0.0,0.0,0.0,0.0
74.66401194624206,0.0,0.0,0.0,0.0
99.55201592832275,0.0,0.0,0.0,0.0
124.44001991040344,0.0,0.0,0.0,0.0
165.9200265472046,0.0,0.0,0.0,0.0
207.40003318400568,0.0,0.0,0.0,0.0
248.88003982080687,0.0,0.0,0.0,0.0
248.88003982080687,0.0,0.0,0.0,0.0
248.88003982080687,0.0,0.0,0.0,0.0
174.21602787456482,0.0,0.0,0.0,0.0
161.77202588352446,0.0,0.0,0.0,0.0
149.3280238924841,0.0,0.0,0.0,0.0
136.8840219014438,0.0,0.0,0.0,0.0
124.44001991040344,0.0,0.0,0.0,0.0
111.99601791936308,0.0,0.0,0.0,0.0
99.55201592832275,0.0,0.0,0.0,0.0
87.10801393728241,0.0,0.0,0.0,0.0
74.66401194624206,0.0,0.0,0.0,0.0
62.22000995520172,0.0,0.0,0.0,0.0
49.77600796416137,0.0,0.0,0.0,0.0
74.66401194624206,0.0,0.0,0.0,0.0
49.77600796416137,0.0,0.0,0.0,0.0
74.66401194624206,0.0,0.0,0.0,0.0
99.55201592832275,0.0,0.0,0.0,0.0
66.36801061888185,0.0,0.0,0.0,0.0
33.184005309440884,0.0,0.0,0.0,0.0
-0.0,0.0,0.0,0.0,0.0
-0.0,0.0,0.0,0.0,0.0
-0.0,0.0,0.0,0.0,0.0
-0.0,0.0,0.0,0.0,0.0
136.8840219014438,0.0,0.0,0.0,0.0
273.7680438028876,0.0,0.0,0.0,0.0
273.7680438028876,0.0,0.0,0.0,0.0
-74.66401194624206,0.0,0.0,0.0,0.0
-149.3280238924841,0.0,0.0,0.0,0.0
-149.3280238924841,0.0,0.0,0.0,0.0
-24.888003982080686,0.0,0.0,0.0,0.0
49.77600796416137,0.0,0.0,0.0,0.0
124.44001991040344,0.0,0.0,0.0,0.0
199.1040318566455,0.0,0.0,0.0,0.0
273.7680438028876,0.0,0.0,0.0,0.0
273.7680438028876,0.0,0.0,0.0,0.0
273.7680438028876,0.0,0.0,0.0,0.0
273.7680438028876,0.0,0.0,0.0,0.0
124.44001991040344,0.0,0.0,0.0,0.0
161.77202588352446,0.0,0.0,0.0,0.0
199.1040318566455,0.0,0.0,0.0,0.0
248.88003982080687,0.0,0.0,0.0,0.0
273.7680438028876,0.0,0.0,0.0,0.0
248.88003982080687,0.0,0.0,0.0,0.0
248.88003982080687,0.0,0.0,0.0,0.0
174.21602787456482,0.0,0.0,0.0,0.0
124.44001991040344,0.0,0.0,0.0,0.0
74.66401194624206,0.0,0.0,0.0,0.0
71.55301144848197,0.0,0.0,0.0,0.0
68.4420109507219,0.0,0.0,0.0,0.0
65.3310104529618,0.0,0.0,0.0,0.0
62.22000995520172,0.0,0.0,0.0,0.0
59.10900945744163,0.0,0.0,0.0,0.0
55.99800895968154,0.0,0.0,0.0,0.0
52.88700846192146,0.0,0.0,0.0,0.0
49.77600796416137,0.0,0.0,0.0,0.0
62.22000995520172,0.0,0.0,0.0,0.0
74.66401194624206,0.0,0.0,0.0,0.0
99.55201592832275,0.0,0.0,0.0,0.0
99.55201592832275,0.0,0.0,0.0,0.0
99.55201592832275,0.0,0.0,0.0,0.0
49.77600796416137,0.0,0.0,0.0,0.0
-0.0,0.0,0.0,0.0,0.0
-0.0,0.0,0.0,0.0,0.0
-0.0,0.0,0.0,0.0,0.0
-24.888003982080686,0.0,0.0,0.0,0.0
24.888003982080686,0.0,0.0,0.0,0.0
273.7680438028876,0.0,0.0,0.0,0.0
398.208063713291,0.0,0.0,0.0,0.0
273.7680438028876,0.0,0.0,0.0,0.0
-348.43205574912963,0.0,0.0,0.0,0.0
-174.21602787456482,0.0,0.0,0.0,0.0
-149.3280238924841,0.0,0.0,0.0,0.0
-91.25601460096254,0.0,0.0,0.0,0.0
-33.184005309440884,0.0,0.0,0.0,0.0
24.888003982080686,0.0,0.0,0.0,0.0
24.888003982080686,0.0,0.0,0.0,0.0
49.77600796416137,0.0,0.0,0.0,0.0
74.66401194624206,0.0,0.0,0.0,0.0
99.55201592832275,0.0,0.0,0.0,0.0
136.8840219014438,0.0,0.0,0.0,0.0
174.21602787456482,0.0,0.0,0.0,0.0
211.54803384768584,0.0,0.0,0.0,0.0
248.88003982080687,0.0,0.0,0.0,0.0
273.7680438028876,0.0,0.0,0.0,0.0
273.7680438028876,0.0,0.0,0.0,0.0
215.69603451136598,0.0,0.0,0.0,0.0
157.62402521984433,0.0,0.0,0.0,0.0
99.55201592832275,0.0,0.0,0.0,0.0
49.77600796416137,0.0,0.0,0.0,0.0
46.220578823864145,0.0,0.0,0.0,0.0
42.665149683566916,0.0,0.0,0.0,0.0
39.10972054326969,0.0,0.0,0.0,0.0
35.554291402972375,0.0,0.0,0.0,0.0
31.998862262675143,0.0,0.0,0.0,0.0
28.443433122377915,0.0,0.0,0.0,0.0
24.888003982080686,0.0,0.0,0.0,0.0
43.554006968641204,0.0,0.0,0.0,0.0
62.22000995520172,0.0,0.0,0.0,0.0
80.88601294176223,0.0,0.0,0.0,0.0
99.55201592832275,0.0,0.0,0.0,0.0
99.55201592832275,0.0,0.0,0.0,0.0
74.66401194624206,0.0,0.0,0.0,0.0
24.888003982080686,0.0,0.0,0.0,0.0
12.444001991040343,0.0,0.0,0.0,0.0
-0.0,0.0,0.0,0.0,0.0
-24.888003982080686,0.0,0.0,0.0,0.0
24.888003982080686,0.0,0.0,0.0,0.0
124.44001991040344,0.0,0.0,0.0,0.0
348.43205574912963,0.0,0.0,0.0,0.0
273.7680438028876,0.0,0.0,0.0,0.0
-273.7680438028876,0.0,0.0,0.0,0.0
-149.3280238924841,0.0,0.0,0.0,0.0
-74.66401194624206,0.0,0.0,0.0,0.0
-24.888003982080686,0.0,0.0,0.0,0.0
-0.0,0.0,0.0,0.0,0.0
12.444001991040343,0.0,0.0,0.0,0.0
24.888003982080686,0.0,0.0,0.0,0.0
37.33200597312103,0.0,0.0,0.0,0.0
49.77600796416137,0.0,0.0,0.0,0.0
49.77600796416137,0.0,0.0,0.0,0.0
99.55201592832275,0.0,0.0,0.0,0.0
124.44001991040344,0.0,0.0,0.0,0.0
149.3280238924841,0.0,0.0,0.0,0.0
223.99203583872617,0.0,0.0,0.0,0.0
248.88003982080687,0.0,0.0,0.0,0.0
248.88003982080687,0.0,0.0,0.0,0.0
223.99203583872617,0.0,0.0,0.0,0.0
174.21602787456482,0.0,0.0,0.0,0.0
124.44001991040344,0.0,0.0,0.0,0.0
74.66401194624206,0.0,0.0,0.0,0.0
24.888003982080686,0.0,0.0,0.0,0.0
24.888003982080686,0.0,0.0,0.0,0.0
24.888003982080686,0.0,0.0,0.0,0.0
24.888003982080686,0.0,0.0,0.0,0.0
35.55429140297246,0.0,0.0,0.0,0.0
46.220578823864145,0.0,0.0,0.0,0.0
56.88686624475583,0.0,0.0,0.0,0.0
67.5531536656476,0.0,0.0,0.0,0.0
78.21944108653929,0.0,0.0,0.0,0.0
88.88572850743105,0.0,0.0,0.0,0.0
99.55201592832275,0.0,0.0,0.0,0.0
99.55201592832275,0.0,0.0,0.0,0.0
99.55201592832275,0.0,0.0,0.0,0.0
49.77600796416137,0.0,0.0,0.0,0.0
-0.0,0.0,0.0,0.0,0.0
-0.0,0.0,0.0,0.0,0.0
-0.0,0.0,0.0,0.0,0.0
-0.0,0.0,0.0,0.0,0.0
136.8840219014438,0.0,0.0,0.0,0.0
273.7680438028876,0.0,0.0,0.0,0.0
223.99203583872617,0.0,0.0,0.0,0.0
99.55201592832275,0.0,0.0,0.0,0.0
-373.3200597312103,0.0,0.0,0.0,0.0
-199.1040318566455,0.0,0.0,0.0,0.0
-124.44001991040344,0.0,0.0,0.0,0.0
-49.77600796416137,0.0,0.0,0.0,0.0
24.888003982080686,0.0,0.0,0.0,0.0
24.888003982080686,0.0,0.0,0.0,0.0
24.888003982080686,0.0,0.0,0.0,0.0
49.77600796416137,0.0,0.0,0.0,0.0
74.66401194624206,0.0,0.0,0.0,0.0
99.55201592832275,0.0,0.0,0.0,0.0
132.73602123776362,0.0,0.0,0.0,0.0
165.9200265472046,0.0,0.0,0.0,0.0
199.1040318566455,0.0,0.0,0.0,0.0
223.99203583872617,0.0,0.0,0.0,0.0
248.88003982080687,0.0,0.0,0.0,0.0
248.88003982080687,0.0,0.0,0.0,0.0
248.88003982080687,0.0,0.0,0.0,0.0
174.21602787456482,0.0,0.0,0.0,0.0
99.55201592832275,0.0,0.0,0.0,0.0
49.77600796416137,0.0,0.0,0.0,0.0
37.33200597312103,0.0,0.0,0.0,0.0
24.888003982080686,0.0,0.0,0.0,0.0
24.888003982080686,0.0,0.0,0.0,0.0
24.888003982080686,0.0,0.0,0.0,0.0
29.865604778496806,0.0,0.0,0.0,0.0
34.84320557491293,0.0,0.0,0.0,0.0
39.820806371329134,0.0,0.0,0.0,0.0
44.79840716774525,0.0,0.0,0.0,0.0
49.77600796416137,0.0,0.0,0.0,0.0
99.55201592832275,0.0,0.0,0.0,0.0
99.55201592832275,0.0,0.0,0.0,0.0
99.55201592832275,0.0,0.0,0.0,0.0
99.55201592832275,0.0,0.0,0.0,0.0
66.36801061888185,0.0,0.0,0.0,0.0
33.184005309440884,0.0,0.0,0.0,0.0
-0.0,0.0,0.0,0.0,0.0
-0.0,0.0,0.0,0.0,0.0
-0.0,0.0,0.0,0.0,0.0
74.66401194624206,0.0,0.0,0.0,0.0
273.7680438028876,0.0,0.0,0.0,0.0
273.7680438028876,0.0,0.0,0.0,0.0
273.7680438028876,0.0,0.0,0.0,0.0
-149.3280238924841,0.0,0.0,0.0,0.0
-124.44001991040344,0.0,0.0,0.0,0.0
-24.888003982080686,0.0,0.0,0.0,0.0
-0.0,0.0,0.0,0.0,0.0
24.888003982080686,0.0,0.0,0.0,0.0
24.888003982080686,0.0,0.0,0.0,0.0
24.888003982080686,0.0,0.0,0.0,0.0
49.77600796416137,0.0,0.0,0.0,0.0
74.66401194624206,0.0,0.0,0.0,0.0
99.55201592832275,0.0,0.0,0.0,0.0
136.8840219014438,0.0,0.0,0.0,0.0
174.21602787456482,0.0,0.0,0.0,0.0
211.54803384768584,0.0,0.0,0.0,0.0
248.88003982080687,0.0,0.0,0.0,0.0
273.7680438028876,0.0,0.0,0.0,0.0
248.88003982080687,0.0,0.0,0.0,0.0
199.1040318566455,0.0,0.0,0.0,0.0
149.3280238924841,0.0,0.0,0.0,0.0
99.55201592832275,0.0,0.0,0.0,0.0
49.77600796416137,0.0,0.0,0.0,0.0
41.48000663680117,0.0,0.0,0.0,0.0
33.184005309440884,0.0,0.0,0.0,0.0
24.888003982080686,0.0,0.0,0.0,0.0
24.888003982080686,0.0,0.0,0.0,0.0
31.11000497760086,0.0,0.0,0.0,0.0
37.33200597312103,0.0,0.0,0.0,0.0
43.554006968641204,0.0,0.0,0.0,0.0
49.77600796416137,0.0,0.0,0.0,0.0
74.66401194624206,0.0,0.0,0.0,0.0
99.55201592832275,0.0,0.0,0.0,0.0
99.55201592832275,0.0,0.0,0.0,0.0
99.55201592832275,0.0,0.0,0.0,0.0
49.77600796416137,0.0,0.0,0.0,0.0
-0.0,0.0,0.0,0.0,0.0
-0.0,0.0,0.0,0.0,0.0
-0.0,0.0,0.0,0.0,0.0
-0.0,0.0,0.0,0.0,0.0
87.10801393728241,0.0,0.0,0.0,0.0
174.21602787456482,0.0,0.0,0.0,0.0
273.7680438028876,0.0,0.0,0.0,0.0
223.99203583872617,0.0,0.0,0.0,0.0
-298.6560477849682,0.0,0.0,0.0,0.0
-149.3280238924841,0.0,0.0,0.0,0.0
-24.888003982080686,0.0,0.0,0.0,0.0
74.66401194624206,0.0,0.0,0.0,0.0
174.21602787456482,0.0,0.0,0.0,0.0
273.7680438028876,0.0,0.0,0.0,0.0
49.77600796416137,0.0,0.0,0.0,0.0
62.22000995520172,0.0,0.0,0.0,0.0
74.66401194624206,0.0,0.0,0.0,0.0
124.44001991040344,0.0,0.0,0.0,0.0
124.44001991040344,0.0,0.0,0.0,0.0
174.21602787456482,0.0,0.0,0.0,0.0
186.66002986560514,0.0,0.0,0.0,0.0
199.1040318566455,0.0,0.0,0.0,0.0
211.54803384768584,0.0,0.0,0.0,0.0
223.99203583872617,0.0,0.0,0.0,0.0
174.21602787456482,0.0,0.0,0.0,0.0
149.3280238924841,0.0,0.0,0.0,0.0
99.55201592832275,0.0,0.0,0.0,0.0
49.77600796416137,0.0,0.0,0.0,0.0
-0.0,0.0,0.0,0.0,0.0
-0.0,0.0,0.0,0.0,0.0
-24.888003982080686,0.0,0.0,0.0,0.0
-12.444001991040343,0.0,0.0,0.0,0.0
-0.0,0.0,0.0,0.0,0.0
-0.0,0.0,0.0,0.0,0.0
24.888003982080686,0.0,0.0,0.0,0.0
37.33200597312103,0.0,0.0,0.0,0.0
49.77600796416137,0.0,0.0,0.0,0.0
49.77600796416137,0.0,0.0,0.0,0.0
74.66401194624206,0.0,0.0,0.0,0.0
99.55201592832275,0.0,0.0,0.0,0.0
124.44001991040344,0.0,0.0,0.0,0.0
149.3280238924841,0.0,0.0,0.0,0.0
174.21602787456482,0.0,0.0,0.0,0.0
199.1040318566455,0.0,0.0,0.0,0.0
223.99203583872617,0.0,0.0,0.0,0.0
248.88003982080687,0.0,0.0,0.0,0.0
273.7680438028876,0.0,0.0,0.0,0.0
273.7680438028876,0.0,0.0,0.0,0.0
174.21602787456482,0.0,0.0,0.0,0.0
-298.6560477849682,0.0,0.0,0.0,0.0
-323.5440517670489,0.0,0.0,0.0,0.0
-99.55201592832275,0.0,0.0,0.0,0.0
-0.0,0.0,0.0,0.0,0.0
12.444001991040343,0.0,0.0,0.0,0.0
24.888003982080686,0.0,0.0,0.0,0.0
49.77600796416137,0.0,0.0,0.0,0.0
24.888003982080686,0.0,0.0,0.0,0.0
49.77600796416137,0.0,0.0,0.0,0.0
74.66401194624206,0.0,0.0,0.0,0.0
99.55201592832275,0.0,0.0,0.0,0.0
136.8840219014438,0.0,0.0,0.0,0.0
174.21602787456482,0.0,0.0,0.0,0.0
223.99203583872617,0.0,0.0,0.0,0.0
236.43603782976652,0.0,0.0,0.0,0.0
248.88003982080687,0.0,0.0,0.0,0.0
223.99203583872617,0.0,0.0,0.0,0.0
174.21602787456482,0.0,0.0,0.0,0.0
124.44001991040344,0.0,0.0,0.0,0.0
49.77600796416137,0.0,0.0,0.0,0.0
49.77600796416137,0.0,0.0,0.0,0.0
-0.0,0.0,0.0,0.0,0.0
-0.0,0.0,0.0,0.0,0.0
6.222000995520172,0.0,0.0,0.0,0.0
12.444001991040343,0.0,0.0,0.0,0.0
18.666002986560514,0.0,0.0,0.0,0.0
24.888003982080686,0.0,0.0,0.0,0.0
41.48000663680117,0.0,0.0,0.0,0.0
58.072009291521574,0.0,0.0,0.0,0.0
74.66401194624206,0.0,0.0,0.0,0.0
124.44001991040344,0.0,0.0,0.0,0.0
99.55201592832275,0.0,0.0,0.0,0.0
74.66401194624206,0.0,0.0,0.0,0.0
24.888003982080686,0.0,0.0,0.0,0.0
8.2960013273602,0.0,0.0,0.0,0.0
-8.2960013273602,0.0,0.0,0.0,0.0
-24.888003982080686,0.0,0.0,0.0,0.0
-0.0,0.0,0.0,0.0,0.0
74.66401194624206,0.0,0.0,0.0,0.0
273.7680438028876,0.0,0.0,0.0,0.0
273.7680438028876,0.0,0.0,0.0,0.0
273.7680438028876,0.0,0.0,0.0,0.0
-273.7680438028876,0.0,0.0,0.0,0.0
-149.3280238924841,0.0,0.0,0.0,0.0
-24.888003982080686,0.0,0.0,0.0,0.0
-8.2960013273602,0.0,0.0,0.0,0.0
8.2960013273602,0.0,0.0,0.0,0.0
24.888003982080686,0.0,0.0,0.0,0.0
41.48000663680117,0.0,0.0,0.0,0.0
58.072009291521574,0.0,0.0,0.0,0.0
74.66401194624206,0.0,0.0,0.0,0.0
124.44001991040344,0.0,0.0,0.0,0.0
149.3280238924841,0.0,0.0,0.0,0.0
174.21602787456482,0.0,0.0,0.0,0.0
223.99203583872617,0.0,0.0,0.0,0.0
223.99203583872617,0.0,0.0,0.0,0.0
273.7680438028876,0.0,0.0,0.0,0.0
273.7680438028876,0.0,0.0,0.0,0.0
223.99203583872617,0.0,0.0,0.0,0.0
184.17122946739704,0.0,0.0,0.0,0.0
144.350423096068,0.0,0.0,0.0,0.0
104.52961672473887,0.0,0.0,0.0,0.0
64.70881035340982,0.0,0.0,0.0,0.0
24.888003982080686,0.0,0.0,0.0,0.0
24.888003982080686,0.0,0.0,0.0,0.0
29.865604778496806,0.0,0.0,0.0,0.0
34.84320557491293,0.0,0.0,0.0,0.0
39.820806371329134,0.0,0.0,0.0,0.0
44.79840716774525,0.0,0.0,0.0,0.0
49.77600796416137,0.0,0.0,0.0,0.0
74.66401194624206,0.0,0.0,0.0,0.0
99.55201592832275,0.0,0.0,0.0,0.0
124.44001991040344,0.0,0.0,0.0,0.0
99.55201592832275,0.0,0.0,0.0,0.0
24.888003982080686,0.0,0.0,0.0,0.0
12.444001991040343,0.0,0.0,0.0,0.0
-0.0,0.0,0.0,0.0,0.0
-0.0,0.0,0.0,0.0,0.0
136.8840219014438,0.0,0.0,0.0,0.0
273.7680438028876,0.0,0.0,0.0,0.0
273.7680438028876,0.0,0.0,0.0,0.0
-273.7680438028876,0.0,0.0,0.0,0.0
-323.5440517670489,0.0,0.0,0.0,0.0
-373.3200597312103,0.0,0.0,0.0,0.0
-149.3280238924841,0.0,0.0,0.0,0.0
-0.0,0.0,0.0,0.0,0.0
-0.0,0.0,0.0,0.0,0.0
-0.0,0.0,0.0,0.0,0.0
24.888003982080686,0.0,0.0,0.0,0.0
43.554006968641204,0.0,0.0,0.0,0.0
62.22000995520172,0.0,0.0,0.0,0.0
80.88601294176223,0.0,0.0,0.0,0.0
99.55201592832275,0.0,0.0,0.0,0.0
99.55201592832275,0.0,0.0,0.0,0.0
174.21602787456482,0.0,0.0,0.0,0.0
199.1040318566455,0.0,0.0,0.0,0.0
223.99203583872617,0.0,0.0,0.0,0.0
223.99203583872617,0.0,0.0,0.0,0.0
199.1040318566455,0.0,0.0,0.0,0.0
174.21602787456482,0.0,0.0,0.0,0.0
99.55201592832275,0.0,0.0,0.0,0.0
74.66401194624206,0.0,0.0,0.0,0.0
62.22000995520172,0.0,0.0,0.0,0.0
49.77600796416137,0.0,0.0,0.0,0.0
37.33200597312103,0.0,0.0,0.0,0.0
24.888003982080686,0.0,0.0,0.0,0.0
24.888003982080686,0.0,0.0,0.0,0.0
24.888003982080686,0.0,0.0,0.0,0.0
39.820806371329134,0.0,0.0,0.0,0.0
54.75360876057749,0.0,0.0,0.0,0.0
69.68641114982594,0.0,0.0,0.0,0.0
84.6192135390743,0.0,0.0,0.0,0.0
99.55201592832275,0.0,0.0,0.0,0.0
99.55201592832275,0.0,0.0,0.0,0.0
99.55201592832275,0.0,0.0,0.0,0.0
-0.0,0.0,0.0,0.0,0.0
-0.0,0.0,0.0,0.0,0.0
-0.0,0.0,0.0,0.0,0.0
-24.888003982080686,0.0,0.0,0.0,0.0
49.77600796416137,0.0,0.0,0.0,0.0
149.3280238924841,0.0,0.0,0.0,0.0
373.3200597312103,0.0,0.0,0.0,0.0
273.7680438028876,0.0,0.0,0.0,0.0
-149.3280238924841,0.0,0.0,0.0,0.0
-124.44001991040344,0.0,0.0,0.0,0.0
-24.888003982080686,0.0,0.0,0.0,0.0
-0.0,0.0,0.0,0.0,0.0
24.888003982080686,0.0,0.0,0.0,0.0
37.33200597312103,0.0,0.0,0.0,0.0
49.77600796416137,0.0,0.0,0.0,0.0
62.22000995520172,0.0,0.0,0.0,0.0
74.66401194624206,0.0,0.0,0.0,0.0
99.55201592832275,0.0,0.0,0.0,0.0
124.44001991040344,0.0,0.0,0.0,0.0
165.9200265472046,0.0,0.0,0.0,0.0
207.40003318400568,0.0,0.0,0.0,0.0
248.88003982080687,0.0,0.0,0.0,0.0
273.7680438028876,0.0,0.0,0.0,0.0
273.7680438028876,0.0,0.0,0.0,0.0
223.99203583872617,0.0,0.0,0.0,0.0
273.7680438028876,0.0,0.0,0.0,0.0
273.7680438028876,0.0,0.0,0.0,0.0
273.7680438028876,0.0,0.0,0.0,0.0
273.7680438028876,0.0,0.0,0.0,0.0
273.7680438028876,0.0,0.0,0.0,0.0
273.7680438028876,0.0,0.0,0.0,0.0
273.7680438028876,0.0,0.0,0.0,0.0
273.7680438028876,0.0,0.0,0.0,0.0
273.7680438028876,0.0,0.0,0.0,0.0
273.7680438028876,0.0,0.0,0.0,0.0
273.7680438028876,0.0,0.0,0.0,0.0
186.66002986560514,0.0,0.0,0.0,0.0
99.55201592832275,0.0,0.0,0.0,0.0
124.44001991040344,0.0,0.0,0.0,0.0
99.55201592832275,0.0,0.0,0.0,0.0
49.77600796416137,0.0,0.0,0.0,0.0
-0.0,0.0,0.0,0.0,0.0
-0.0,0.0,0.0,0.0,0.0
-0.0,0.0,0.0,0.0,0.0
-0.0,0.0,0.0,0.0,0.0
136.8840219014438,0.0,0.0,0.0,0.0
273.7680438028876,0.0,0.0,0.0,0.0
-248.88003982080687,0.0,0.0,0.0,0.0
-311.1000497760086,0.0,0.0,0.0,0.0
-373.3200597312103,0.0,0.0,0.0,0.0
-174.21602787456482,0.0,0.0,0.0,0.0
-87.10801393728241,0.0,0.0,0.0,0.0
-0.0,0.0,0.0,0.0,0.0
12.444001991040343,0.0,0.0,0.0,0.0
24.888003982080686,0.0,0.0,0.0,0.0
37.33200597312103,0.0,0.0,0.0,0.0
49.77600796416137,0.0,0.0,0.0,0.0
74.66401194624206,0.0,0.0,0.0,0.0
99.55201592832275,0.0,0.0,0.0,0.0
124.44001991040344,0.0,0.0,0.0,0.0
174.21602787456482,0.0,0.0,0.0,0.0
199.1040318566455,0.0,0.0,0.0,0.0
248.88003982080687,0.0,0.0,0.0,0.0
273.7680438028876,0.0,0.0,0.0,0.0
273.7680438028876,0.0,0.0,0.0,0.0
199.1040318566455,0.0,0.0,0.0,0.0
124.44001991040344,0.0,0.0,0.0,0.0
74.66401194624206,0.0,0.0,0.0,0.0
49.77600796416137,0.0,0.0,0.0,0.0
24.888003982080686,0.0,0.0,0.0,0.0
24.888003982080686,0.0,0.0,0.0,0.0
29.03600464576083,0.0,0.0,0.0,0.0
33.184005309440884,0.0,0.0,0.0,0.0
37.33200597312103,0.0,0.0,0.0,0.0
41.48000663680117,0.0,0.0,0.0,0.0
45.62800730048123,0.0,0.0,0.0,0.0
49.77600796416137,0.0,0.0,0.0,0.0
74.66401194624206,0.0,0.0,0.0,0.0
124.44001991040344,0.0,0.0,0.0,0.0
99.55201592832275,0.0,0.0,0.0,0.0
74.66401194624206,0.0,0.0,0.0,0.0
24.888003982080686,0.0,0.0,0.0,0.0
-0.0,0.0,0.0,0.0,0.0
-12.444001991040343,0.0,0.0,0.0,0.0
-24.888003982080686,0.0,0.0,0.0,0.0
-24.888003982080686,0.0,0.0,0.0,0.0
74.66401194624206,0.0,0.0,0.0,0.0
323.5440517670489,0.0,0.0,0.0,0.0
273.7680438028876,0.0,0.0,0.0,0.0
273.7680438028876,0.0,0.0,0.0,0.0
-149.3280238924841,0.0,0.0,0.0,0.0
-99.55201592832275,0.0,0.0,0.0,0.0
-24.888003982080686,0.0,0.0,0.0,0.0
-12.444001991040343,0.0,0.0,0.0,0.0
-0.0,0.0,0.0,0.0,0.0
12.444001991040343,0.0,0.0,0.0,0.0
24.888003982080686,0.0,0.0,0.0,0.0
37.33200597312103,0.0,0.0,0.0,0.0
49.77600796416137,0.0,0.0,0.0,0.0
99.55201592832275,0.0,0.0,0.0,0.0
124.44001991040344,0.0,0.0,0.0,0.0
161.77202588352446,0.0,0.0,0.0,0.0
199.1040318566455,0.0,0.0,0.0,0.0
236.43603782976652,0.0,0.0,0.0,0.0
273.7680438028876,0.0,0.0,0.0,0.0
248.88003982080687,0.0,0.0,0.0,0.0
199.1040318566455,0.0,0.0,0.0,0.0
149.3280238924841,0.0,0.0,0.0,0.0
99.55201592832275,0.0,0.0,0.0,0.0
49.77600796416137,0.0,0.0,0.0,0.0
24.888003982080686,0.0,0.0,0.0,0.0
-0.0,0.0,0.0,0.0,0.0
8.2960013273602,0.0,0.0,0.0,0.0
16.59200265472049,0.0,0.0,0.0,0.0
24.888003982080686,0.0,0.0,0.0,0.0
33.184005309440884,0.0,0.0,0.0,0.0
41.48000663680117,0.0,0.0,0.0,0.0
49.77600796416137,0.0,0.0,0.0,0.0
74.66401194624206,0.0,0.0,0.0,0.0
99.55201592832275,0.0,0.0,0.0,0.0
74.66401194624206,0.0,0.0,0.0,0.0
49.77600796416137,0.0,0.0,0.0,0.0
24.888003982080686,0.0,0.0,0.0,0.0
-0.0,0.0,0.0,0.0,0.0
-0.0,0.0,0.0,0.0,0.0
-0.0,0.0,0.0,0.0,0.0
136.8840219014438,0.0,0.0,0.0,0.0
273.7680438028876,0.0,0.0,0.0,0.0
348.43205574912963,0.0,0.0,0.0,0.0
-174.21602787456482,0.0,0.0,0.0,0.0
-373.3200597312103,0.0,0.0,0.0,0.0
-223.99203583872617,0.0,0.0,0.0,0.0
-186.66002986560514,0.0,0.0,0.0,0.0
-149.3280238924841,0.0,0.0,0.0,0.0
-111.99601791936308,0.0,0.0,0.0,0.0
-74.66401194624206,0.0,0.0,0.0,0.0
-37.33200597312103,0.0,0.0,0.0,0.0
-0.0,0.0,0.0,0.0,0.0
37.33200597312103,0.0,0.0,0.0,0.0
74.66401194624206,0.0,0.0,0.0,0.0
99.55201592832275,0.0,0.0,0.0,0.0
136.8840219014438,0.0,0.0,0.0,0.0
174.21602787456482,0.0,0.0,0.0,0.0
190.8080305292853,0.0,0.0,0.0,0.0
207.40003318400568,0.0,0.0,0.0,0.0
223.99203583872617,0.0,0.0,0.0,0.0
273.7680438028876,0.0,0.0,0.0,0.0
124.44001991040344,0.0,0.0,0.0,0.0
74.66401194624206,0.0,0.0,0.0,0.0
49.77600796416137,0.0,0.0,0.0,0.0
24.888003982080686,0.0,0.0,0.0,0.0
-0.0,0.0,0.0,0.0,0.0
-0.0,0.0,0.0,0.0,0.0
14.221716561189002,0.0,0.0,0.0,0.0
28.443433122377915,0.0,0.0,0.0,0.0
42.665149683566916,0.0,0.0,0.0,0.0
56.88686624475583,0.0,0.0,0.0,0.0
71.10858280594483,0.0,0.0,0.0,0.0
85.33029936713375,0.0,0.0,0.0,0.0
99.55201592832275,0.0,0.0,0.0,0.0
99.55201592832275,0.0,0.0,0.0,0.0
49.77600796416137,0.0,0.0,0.0,0.0
24.888003982080686,0.0,0.0,0.0,0.0
-0.0,0.0,0.0,0.0,0.0
-0.0,0.0,0.0,0.0,0.0
-0.0,0.0,0.0,0.0,0.0
-0.0,0.0,0.0,0.0,0.0
99.55201592832275,0.0,0.0,0.0,0.0
323.5440517670489,0.0,0.0,0.0,0.0
273.7680438028876,0.0,0.0,0.0,0.0
273.7680438028876,0.0,0.0,0.0,0.0
-149.3280238924841,0.0,0.0,0.0,0.0
-49.77600796416137,0.0,0.0,0.0,0.0
-0.0,0.0,0.0,0.0,0.0
12.444001991040343,0.0,0.0,0.0,0.0
24.888003982080686,0.0,0.0,0.0,0.0
43.554006968641204,0.0,0.0,0.0,0.0
62.22000995520172,0.0,0.0,0.0,0.0
80.88601294176223,0.0,0.0,0.0,0.0
99.55201592832275,0.0,0.0,0.0,0.0
99.55201592832275,0.0,0.0,0.0,0.0
124.44001991040344,0.0,0.0,0.0,0.0
165.9200265472046,0.0,0.0,0.0,0.0
207.40003318400568,0.0,0.0,0.0,0.0
248.88003982080687,0.0,0.0,0.0,0.0
273.7680438028876,0.0,0.0,0.0,0.0
248.88003982080687,0.0,0.0,0.0,0.0
223.99203583872617,0.0,0.0,0.0,0.0
206.5704330512697,0.0,0.0,0.0,0.0
189.14883026381324,0.0,0.0,0.0,0.0
171.7272274763567,0.0,0.0,0.0,0.0
154.30562468890025,0.0,0.0,0.0,0.0
136.8840219014438,0.0,0.0,0.0,0.0
119.46241911398731,0.0,0.0,0.0,0.0
102.04081632653084,0.0,0.0,0.0,0.0
84.6192135390743,0.0,0.0,0.0,0.0
67.19761075161783,0.0,0.0,0.0,0.0
49.77600796416137,0.0,0.0,0.0,0.0
66.36801061888185,0.0,0.0,0.0,0.0
82.96001327360226,0.0,0.0,0.0,0.0
99.55201592832275,0.0,0.0,0.0,0.0
124.44001991040344,0.0,0.0,0.0,0.0
82.96001327360226,0.0,0.0,0.0,0.0
41.48000663680117,0.0,0.0,0.0,0.0
-0.0,0.0,0.0,0.0,0.0
-0.0,0.0,0.0,0.0,0.0
-0.0,0.0,0.0,0.0,0.0
-24.888003982080686,0.0,0.0,0.0,0.0
273.7680438028876,0.0,0.0,0.0,0.0
273.7680438028876,0.0,0.0,0.0,0.0
323.5440517670489,0.0,0.0,0.0,0.0
-24.888003982080686,0.0,0.0,0.0,0.0
-348.43205574912963,0.0,0.0,0.0,0.0
-149.3280238924841,0.0,0.0,0.0,0.0
-24.888003982080686,0.0,0.0,0.0,0.0
-0.0,0.0,0.0,0.0,0.0
16.59200265472049,0.0,0.0,0.0,0.0
33.184005309440884,0.0,0.0,0.0,0.0
49.77600796416137,0.0,0.0,0.0,0.0
