-104.09889394925285,-0.0,-156.1483409238793,-26.024723487313214
-104.09889394925285,26.024723487313214,-130.12361743656606,-26.024723487313214
-104.09889394925285,26.024723487313214,-130.12361743656606,-26.024723487313214
-104.09889394925285,26.024723487313214,-104.09889394925285,-26.024723487313214
-104.09889394925285,26.024723487313214,-78.07417046193964,26.024723487313214
-104.09889394925285,26.024723487313214,-78.07417046193964,26.024723487313214
-104.09889394925285,26.024723487313214,-52.04944697462643,26.024723487313214
-78.07417046193964,130.12361743656606,-78.07417046193964,52.04944697462643
-78.07417046193964,208.1977878985057,-78.07417046193964,26.024723487313214
-26.024723487313214,364.34612882238497,-78.07417046193964,26.024723487313214
52.04944697462643,624.5933636955172,-52.04944697462643,52.04944697462643
104.09889394925285,832.7911515940228,-52.04944697462643,52.04944697462643
156.1483409238793,988.9394925179021,-52.04944697462643,52.04944697462643
130.12361743656606,832.7911515940228,-0.0,78.07417046193964
52.04944697462643,78.07417046193964,-0.0,78.07417046193964
-130.12361743656606,-494.46974625895103,26.024723487313214,104.09889394925285
-338.3214053350718,754.7169811320832,52.04944697462643,130.12361743656606
-598.5686402082039,780.7417046193964,78.07417046193964,130.12361743656606
-832.7911515940228,806.7664281067097,104.09889394925285,156.1483409238793
-1040.9889394925285,806.7664281067097,104.09889394925285,182.17306441119248
-1197.1372804164077,806.7664281067097,156.1483409238793,208.1977878985057
-1353.2856213402872,806.7664281067097,182.17306441119248,234.22251138581893
-1223.1620039037211,780.7417046193964,208.1977878985057,260.24723487313213
-1067.0136629798417,702.6675341574568,260.24723487313213,312.2966818477586
-858.815875081336,702.6675341574568,390.3708523096982,338.3214053350718
-650.6180871828303,702.6675341574568,390.3708523096982,468.44502277163787
-468.44502277163787,442.42029928432464,442.42029928432464,468.44502277163787
-312.2966818477586,78.07417046193964,494.46974625895103,520.4944697462643
-182.17306441119248,156.1483409238793,572.5439167208907,572.5439167208907
-104.09889394925285,182.17306441119248,624.5933636955172,598.5686402082039
-52.04944697462643,234.22251138581893,650.6180871828303,650.6180871828303
-26.024723487313214,260.24723487313213,702.6675341574568,650.6180871828303
-0.0,260.24723487313213,728.6922576447699,702.6675341574568
-0.0,286.27195836044535,754.7169811320832,702.6675341574568
26.024723487313214,286.27195836044535,754.7169811320832,702.6675341574568
26.024723487313214,286.27195836044535,754.7169811320832,702.6675341574568
26.024723487313214,312.2966818477586,728.6922576447699,676.6428106701436
26.024723487313214,312.2966818477586,650.6180871828303,624.5933636955172
52.04944697462643,338.3214053350718,598.5686402082039,598.5686402082039
52.04944697462643,364.34612882238497,572.5439167208907,546.5191932335775
78.07417046193964,390.3708523096982,468.44502277163787,494.46974625895103
78.07417046193964,390.3708523096982,390.3708523096982,416.3955757970114
78.07417046193964,442.42029928432464,338.3214053350718,364.34612882238497
78.07417046193964,468.44502277163787,260.24723487313213,312.2966818477586
78.07417046193964,494.46974625895103,182.17306441119248,234.22251138581893
104.09889394925285,546.5191932335775,130.12361743656606,208.1977878985057
104.09889394925285,598.5686402082039,104.09889394925285,156.1483409238793
104.09889394925285,650.6180871828303,52.04944697462643,130.12361743656606
130.12361743656606,676.6428106701436,-0.0,78.07417046193964
156.1483409238793,728.6922576447699,-26.024723487313214,52.04944697462643
156.1483409238793,780.7417046193964,-52.04944697462643,52.04944697462643
182.17306441119248,858.815875081336,-78.07417046193964,26.024723487313214
208.1977878985057,936.8900455432757,-104.09889394925285,-0.0
208.1977878985057,988.9394925179021,-130.12361743656606,-0.0
234.22251138581893,1040.9889394925285,-130.12361743656606,-26.024723487313214
260.24723487313213,1119.0631099544682,-156.1483409238793,-52.04944697462643
286.27195836044535,1171.1125569290946,-156.1483409238793,-26.024723487313214
286.27195836044535,1223.1620039037211,-156.1483409238793,-26.024723487313214
338.3214053350718,1249.1867273910343,-182.17306441119248,-26.024723487313214
312.2966818477586,1275.2114508783475,-182.17306441119248,-26.024723487313214
338.3214053350718,1275.2114508783475,-182.17306441119248,-52.04944697462643
338.3214053350718,1275.2114508783475,-182.17306441119248,-52.04944697462643
338.3214053350718,1249.1867273910343,-182.17306441119248,-52.04944697462643
338.3214053350718,1197.1372804164077,-182.17306441119248,-26.024723487313214
312.2966818477586,1171.1125569290946,-182.17306441119248,-26.024723487313214
312.2966818477586,1093.038386467155,-156.1483409238793,-26.024723487313214
286.27195836044535,1040.9889394925285,-156.1483409238793,-26.024723487313214
286.27195836044535,962.9147690305889,-156.1483409238793,-26.024723487313214
286.27195836044535,858.815875081336,-130.12361743656606,-26.024723487313214
286.27195836044535,780.7417046193964,-130.12361743656606,-0.0
260.24723487313213,702.6675341574568,-130.12361743656606,-0.0
234.22251138581893,624.5933636955172,-130.12361743656606,-0.0
234.22251138581893,572.5439167208907,-104.09889394925285,-0.0
234.22251138581893,468.44502277163787,-104.09889394925285,-0.0
208.1977878985057,416.3955757970114,-78.07417046193964,26.024723487313214
182.17306441119248,364.34612882238497,-78.07417046193964,26.024723487313214
156.1483409238793,312.2966818477586,-78.07417046193964,26.024723487313214
130.12361743656606,260.24723487313213,-52.04944697462643,26.024723487313214
130.12361743656606,234.22251138581893,-78.07417046193964,26.024723487313214
104.09889394925285,208.1977878985057,-52.04944697462643,26.024723487313214
104.09889394925285,182.17306441119248,-52.04944697462643,26.024723487313214
78.07417046193964,156.1483409238793,-52.04944697462643,26.024723487313214
78.07417046193964,156.1483409238793,-26.024723487313214,52.04944697462643
78.07417046193964,130.12361743656606,-26.024723487313214,52.04944697462643
78.07417046193964,130.12361743656606,-26.024723487313214,52.04944697462643
78.07417046193964,130.12361743656606,-26.024723487313214,52.04944697462643
78.07417046193964,130.12361743656606,-26.024723487313214,26.024723487313214
78.07417046193964,130.12361743656606,-26.024723487313214,26.024723487313214
78.07417046193964,130.12361743656606,-26.024723487313214,26.024723487313214
52.04944697462643,130.12361743656606,-0.0,26.024723487313214
52.04944697462643,130.12361743656606,-0.0,26.024723487313214
26.024723487313214,130.12361743656606,-0.0,26.024723487313214
26.024723487313214,130.12361743656606,-0.0,-0.0
26.024723487313214,130.12361743656606,-0.0,26.024723487313214
52.04944697462643,130.12361743656606,-0.0,-0.0
26.024723487313214,130.12361743656606,-0.0,26.024723487313214
26.024723487313214,156.1483409238793,-0.0,26.024723487313214
26.024723487313214,156.1483409238793,-0.0,-0.0
26.024723487313214,156.1483409238793,26.024723487313214,-0.0
52.04944697462643,156.1483409238793,26.024723487313214,-0.0
52.04944697462643,182.17306441119248,26.024723487313214,-0.0
52.04944697462643,156.1483409238793,26.024723487313214,-0.0
52.04944697462643,156.1483409238793,26.024723487313214,-0.0
52.04944697462643,156.1483409238793,26.024723487313214,-0.0
26.024723487313214,156.1483409238793,26.024723487313214,-0.0
26.024723487313214,156.1483409238793,26.024723487313214,-0.0
26.024723487313214,156.1483409238793,26.024723487313214,-0.0
-0.0,156.1483409238793,26.024723487313214,-26.024723487313214
-0.0,156.1483409238793,52.04944697462643,-0.0
-0.0,156.1483409238793,78.07417046193964,26.024723487313214
-0.0,156.1483409238793,78.07417046193964,26.024723487313214
-0.0,156.1483409238793,104.09889394925285,52.04944697462643
-0.0,130.12361743656606,78.07417046193964,26.024723487313214
-0.0,130.12361743656606,78.07417046193964,26.024723487313214
-0.0,130.12361743656606,52.04944697462643,26.024723487313214
-0.0,130.12361743656606,52.04944697462643,-0.0
-0.0,130.12361743656606,52.04944697462643,-0.0
-0.0,104.09889394925285,26.024723487313214,-26.024723487313214
-0.0,104.09889394925285,26.024723487313214,-26.024723487313214
-0.0,104.09889394925285,26.024723487313214,-52.04944697462643
-0.0,104.09889394925285,26.024723487313214,-52.04944697462643
-0.0,104.09889394925285,-0.0,-52.04944697462643
26.024723487313214,104.09889394925285,-0.0,-52.04944697462643
-0.0,104.09889394925285,-0.0,-52.04944697462643
-0.0,104.09889394925285,-26.024723487313214,-52.04944697462643
-0.0,104.09889394925285,-26.024723487313214,-78.07417046193964
-0.0,78.07417046193964,-52.04944697462643,-78.07417046193964
-0.0,78.07417046193964,-52.04944697462643,-78.07417046193964
-0.0,78.07417046193964,-52.04944697462643,-78.07417046193964
-0.0,78.07417046193964,-52.04944697462643,-78.07417046193964
-0.0,78.07417046193964,-52.04944697462643,-52.04944697462643
-0.0,78.07417046193964,-26.024723487313214,-52.04944697462643
-0.0,78.07417046193964,-26.024723487313214,-52.04944697462643
-0.0,78.07417046193964,-0.0,-52.04944697462643
-0.0,78.07417046193964,-0.0,-26.024723487313214
-0.0,78.07417046193964,26.024723487313214,-0.0
-0.0,52.04944697462643,156.1483409238793,104.09889394925285
-0.0,52.04944697462643,338.3214053350718,208.1977878985057
-0.0,52.04944697462643,442.42029928432464,390.3708523096982
-0.0,78.07417046193964,884.8405985686493,624.5933636955172
-0.0,78.07417046193964,1093.038386467155,754.7169811320832
26.024723487313214,130.12361743656606,1275.2114508783475,910.8653220559625
26.024723487313214,130.12361743656606,1040.9889394925285,806.7664281067097
52.04944697462643,130.12361743656606,754.7169811320832,624.5933636955172
78.07417046193964,156.1483409238793,312.2966818477586,312.2966818477586
104.09889394925285,156.1483409238793,-26.024723487313214,130.12361743656606
104.09889394925285,156.1483409238793,-260.24723487313213,-26.024723487313214
104.09889394925285,156.1483409238793,-442.42029928432464,-182.17306441119248
78.07417046193964,156.1483409238793,-416.3955757970114,-234.22251138581893
26.024723487313214,130.12361743656606,-364.34612882238497,-208.1977878985057
26.024723487313214,104.09889394925285,-286.27195836044535,-156.1483409238793
-0.0,104.09889394925285,-182.17306441119248,-104.09889394925285
-26.024723487313214,78.07417046193964,-104.09889394925285,-52.04944697462643
-52.04944697462643,52.04944697462643,-52.04944697462643,-26.024723487313214
-52.04944697462643,52.04944697462643,26.024723487313214,-0.0
-78.07417046193964,52.04944697462643,52.04944697462643,26.024723487313214
-78.07417046193964,52.04944697462643,78.07417046193964,26.024723487313214
-52.04944697462643,52.04944697462643,104.09889394925285,52.04944697462643
-52.04944697462643,26.024723487313214,104.09889394925285,52.04944697462643
-26.024723487313214,26.024723487313214,130.12361743656606,52.04944697462643
-26.024723487313214,26.024723487313214,130.12361743656606,52.04944697462643
-26.024723487313214,26.024723487313214,156.1483409238793,78.07417046193964
-26.024723487313214,26.024723487313214,156.1483409238793,78.07417046193964
-26.024723487313214,26.024723487313214,156.1483409238793,78.07417046193964
-26.024723487313214,52.04944697462643,182.17306441119248,78.07417046193964
-26.024723487313214,78.07417046193964,182.17306441119248,78.07417046193964
-26.024723487313214,78.07417046193964,182.17306441119248,104.09889394925285
-0.0,104.09889394925285,208.1977878985057,104.09889394925285
-0.0,130.12361743656606,234.22251138581893,104.09889394925285
-0.0,234.22251138581893,234.22251138581893,104.09889394925285
-0.0,390.3708523096982,260.24723487313213,104.09889394925285
78.07417046193964,546.5191932335775,286.27195836044535,130.12361743656606
130.12361743656606,754.7169811320832,286.27195836044535,130.12361743656606
156.1483409238793,962.9147690305889,338.3214053350718,156.1483409238793
156.1483409238793,1014.9642160052153,338.3214053350718,182.17306441119248
52.04944697462643,546.5191932335775,364.34612882238497,208.1977878985057
-52.04944697462643,-26.024723487313214,390.3708523096982,234.22251138581893
-182.17306441119248,-572.5439167208907,442.42029928432464,286.27195836044535
-338.3214053350718,-1171.1125569290946,494.46974625895103,312.2966818477586
-572.5439167208907,-1717.631750162672,546.5191932335775,338.3214053350718
-728.6922576447699,-2055.953155497744,572.5439167208907,416.3955757970114
-832.7911515940228,-1847.755367599238,650.6180871828303,442.42029928432464
-962.9147690305889,-1639.5575797007325,702.6675341574568,494.46974625895103
-1067.0136629798417,-1379.3103448276004,754.7169811320832,546.5191932335775
-962.9147690305889,-962.9147690305889,806.7664281067097,598.5686402082039
-858.815875081336,-598.5686402082039,832.7911515940228,624.5933636955172
-676.6428106701436,-364.34612882238497,858.815875081336,676.6428106701436
-494.46974625895103,-130.12361743656606,884.8405985686493,676.6428106701436
-364.34612882238497,52.04944697462643,910.8653220559625,702.6675341574568
-234.22251138581893,182.17306441119248,910.8653220559625,702.6675341574568
-130.12361743656606,234.22251138581893,884.8405985686493,676.6428106701436
-78.07417046193964,286.27195836044535,858.815875081336,650.6180871828303
-26.024723487313214,338.3214053350718,806.7664281067097,624.5933636955172
-26.024723487313214,338.3214053350718,754.7169811320832,572.5439167208907
-0.0,364.34612882238497,676.6428106701436,520.4944697462643
-0.0,364.34612882238497,598.5686402082039,442.42029928432464
-0.0,390.3708523096982,520.4944697462643,390.3708523096982
-0.0,390.3708523096982,468.44502277163787,338.3214053350718
-26.024723487313214,416.3955757970114,390.3708523096982,260.24723487313213
-26.024723487313214,416.3955757970114,312.2966818477586,234.22251138581893
-26.024723487313214,442.42029928432464,260.24723487313213,182.17306441119248
-26.024723487313214,442.42029928432464,208.1977878985057,130.12361743656606
-0.0,468.44502277163787,156.1483409238793,104.09889394925285
-26.024723487313214,468.44502277163787,130.12361743656606,78.07417046193964
-26.024723487313214,494.46974625895103,104.09889394925285,52.04944697462643
-52.04944697462643,494.46974625895103,78.07417046193964,26.024723487313214
-52.04944697462643,520.4944697462643,52.04944697462643,-0.0
-52.04944697462643,572.5439167208907,26.024723487313214,-0.0
-52.04944697462643,598.5686402082039,26.024723487313214,-0.0
-52.04944697462643,624.5933636955172,26.024723487313214,-0.0
-52.04944697462643,676.6428106701436,26.024723487313214,-0.0
-52.04944697462643,728.6922576447699,26.024723487313214,-0.0
-52.04944697462643,806.7664281067097,26.024723487313214,-0.0
-52.04944697462643,858.815875081336,-0.0,-0.0
-52.04944697462643,910.8653220559625,-0.0,-0.0
-52.04944697462643,988.9394925179021,-0.0,-0.0
-26.024723487313214,1040.9889394925285,-0.0,-0.0
-26.024723487313214,1093.038386467155,-0.0,-0.0
-52.04944697462643,1119.0631099544682,-0.0,-0.0
-52.04944697462643,1145.0878334417814,-0.0,-0.0
-52.04944697462643,1171.1125569290946,-0.0,26.024723487313214
-26.024723487313214,1171.1125569290946,-0.0,-0.0
-26.024723487313214,1197.1372804164077,-0.0,-0.0
-26.024723487313214,1171.1125569290946,-0.0,-26.024723487313214
-26.024723487313214,1171.1125569290946,-0.0,-0.0
-26.024723487313214,1145.0878334417814,-0.0,-0.0
-26.024723487313214,1093.038386467155,-0.0,-0.0
-0.0,1067.0136629798417,-0.0,-0.0
-0.0,988.9394925179021,-0.0,-0.0
-0.0,910.8653220559625,-0.0,-0.0
-0.0,858.815875081336,26.024723487313214,26.024723487313214
-0.0,780.7417046193964,26.024723487313214,52.04944697462643
-0.0,702.6675341574568,52.04944697462643,52.04944697462643
-0.0,624.5933636955172,52.04944697462643,78.07417046193964
-0.0,546.5191932335775,78.07417046193964,78.07417046193964
-26.024723487313214,494.46974625895103,52.04944697462643,78.07417046193964
-26.024723487313214,442.42029928432464,26.024723487313214,78.07417046193964
-52.04944697462643,390.3708523096982,52.04944697462643,78.07417046193964
-52.04944697462643,364.34612882238497,52.04944697462643,78.07417046193964
-52.04944697462643,338.3214053350718,52.04944697462643,78.07417046193964
-78.07417046193964,338.3214053350718,52.04944697462643,78.07417046193964
-78.07417046193964,312.2966818477586,52.04944697462643,78.07417046193964
-78.07417046193964,286.27195836044535,26.024723487313214,52.04944697462643
-78.07417046193964,286.27195836044535,26.024723487313214,52.04944697462643
-78.07417046193964,260.24723487313213,26.024723487313214,52.04944697462643
-104.09889394925285,260.24723487313213,26.024723487313214,52.04944697462643
-104.09889394925285,260.24723487313213,26.024723487313214,26.024723487313214
-104.09889394925285,260.24723487313213,52.04944697462643,26.024723487313214
-104.09889394925285,286.27195836044535,52.04944697462643,26.024723487313214
-78.07417046193964,286.27195836044535,52.04944697462643,26.024723487313214
-78.07417046193964,312.2966818477586,52.04944697462643,26.024723487313214
-78.07417046193964,312.2966818477586,52.04944697462643,-0.0
-52.04944697462643,312.2966818477586,52.04944697462643,-0.0
-52.04944697462643,312.2966818477586,26.024723487313214,-0.0
-52.04944697462643,338.3214053350718,26.024723487313214,-0.0
-52.04944697462643,338.3214053350718,26.024723487313214,-0.0
-52.04944697462643,364.34612882238497,26.024723487313214,-0.0
-52.04944697462643,364.34612882238497,26.024723487313214,-0.0
-78.07417046193964,364.34612882238497,-0.0,-0.0
-78.07417046193964,364.34612882238497,-0.0,-0.0
-104.09889394925285,364.34612882238497,26.024723487313214,-0.0
-104.09889394925285,390.3708523096982,26.024723487313214,26.024723487313214
-104.09889394925285,364.34612882238497,52.04944697462643,52.04944697462643
-104.09889394925285,364.34612882238497,78.07417046193964,52.04944697462643
-104.09889394925285,364.34612882238497,78.07417046193964,78.07417046193964
-104.09889394925285,338.3214053350718,78.07417046193964,78.07417046193964
-104.09889394925285,338.3214053350718,52.04944697462643,78.07417046193964
-104.09889394925285,338.3214053350718,52.04944697462643,52.04944697462643
-104.09889394925285,338.3214053350718,26.024723487313214,52.04944697462643
-104.09889394925285,364.34612882238497,-0.0,26.024723487313214
-104.09889394925285,338.3214053350718,-0.0,-0.0
-104.09889394925285,338.3214053350718,-26.024723487313214,-0.0
-104.09889394925285,312.2966818477586,-26.024723487313214,-26.024723487313214
-104.09889394925285,286.27195836044535,-26.024723487313214,-26.024723487313214
-104.09889394925285,260.24723487313213,-52.04944697462643,-26.024723487313214
-104.09889394925285,234.22251138581893,-52.04944697462643,-52.04944697462643
-104.09889394925285,208.1977878985057,-78.07417046193964,-52.04944697462643
-104.09889394925285,182.17306441119248,-78.07417046193964,-78.07417046193964
-104.09889394925285,156.1483409238793,-104.09889394925285,-78.07417046193964
-104.09889394925285,130.12361743656606,-104.09889394925285,-78.07417046193964
-104.09889394925285,104.09889394925285,-104.09889394925285,-104.09889394925285
-104.09889394925285,104.09889394925285,-78.07417046193964,-78.07417046193964
-104.09889394925285,78.07417046193964,-104.09889394925285,-78.07417046193964
-104.09889394925285,78.07417046193964,-104.09889394925285,-78.07417046193964
-104.09889394925285,78.07417046193964,-104.09889394925285,-78.07417046193964
-130.12361743656606,52.04944697462643,-104.09889394925285,-78.07417046193964
-130.12361743656606,52.04944697462643,-104.09889394925285,-104.09889394925285
-130.12361743656606,52.04944697462643,-104.09889394925285,-104.09889394925285
-104.09889394925285,26.024723487313214,-104.09889394925285,-104.09889394925285
-104.09889394925285,26.024723487313214,-26.024723487313214,-26.024723487313214
-130.12361743656606,26.024723487313214,104.09889394925285,52.04944697462643
-130.12361743656606,26.024723487313214,312.2966818477586,182.17306441119248
-130.12361743656606,-0.0,650.6180871828303,416.3955757970114
-130.12361743656606,-0.0,884.8405985686493,598.5686402082039
-130.12361743656606,-0.0,1014.9642160052153,702.6675341574568
-130.12361743656606,-0.0,1014.9642160052153,780.7417046193964
-130.12361743656606,-0.0,780.7417046193964,624.5933636955172
-130.12361743656606,26.024723487313214,494.46974625895103,442.42029928432464
-130.12361743656606,52.04944697462643,78.07417046193964,208.1977878985057
-104.09889394925285,52.04944697462643,-234.22251138581893,26.024723487313214
-78.07417046193964,78.07417046193964,-442.42029928432464,-130.12361743656606
-78.07417046193964,78.07417046193964,-572.5439167208907,-260.24723487313213
-78.07417046193964,78.07417046193964,-520.4944697462643,-286.27195836044535
-78.07417046193964,78.07417046193964,-416.3955757970114,-234.22251138581893
-104.09889394925285,52.04944697462643,-338.3214053350718,-208.1977878985057
-130.12361743656606,52.04944697462643,-260.24723487313213,-156.1483409238793
-156.1483409238793,26.024723487313214,-182.17306441119248,-130.12361743656606
-182.17306441119248,-0.0,-104.09889394925285,-104.09889394925285
-208.1977878985057,-26.024723487313214,-78.07417046193964,-52.04944697462643
-208.1977878985057,-52.04944697462643,-26.024723487313214,-52.04944697462643
-234.22251138581893,-78.07417046193964,-26.024723487313214,-52.04944697462643
-234.22251138581893,-78.07417046193964,-0.0,-26.024723487313214
-260.24723487313213,-78.07417046193964,-0.0,-26.024723487313214
-260.24723487313213,-104.09889394925285,-0.0,-0.0
-260.24723487313213,-104.09889394925285,26.024723487313214,-0.0
-260.24723487313213,-104.09889394925285,26.024723487313214,26.024723487313214
-260.24723487313213,-104.09889394925285,52.04944697462643,26.024723487313214
-286.27195836044535,-104.09889394925285,52.04944697462643,26.024723487313214
-286.27195836044535,-104.09889394925285,78.07417046193964,52.04944697462643
-286.27195836044535,-104.09889394925285,78.07417046193964,52.04944697462643
-286.27195836044535,-104.09889394925285,78.07417046193964,52.04944697462643
-286.27195836044535,-104.09889394925285,78.07417046193964,52.04944697462643
-286.27195836044535,-78.07417046193964,104.09889394925285,52.04944697462643
-286.27195836044535,-52.04944697462643,104.09889394925285,78.07417046193964
-286.27195836044535,-0.0,130.12361743656606,104.09889394925285
-286.27195836044535,130.12361743656606,130.12361743656606,104.09889394925285
-260.24723487313213,208.1977878985057,156.1483409238793,130.12361743656606
-182.17306441119248,416.3955757970114,182.17306441119248,156.1483409238793
-156.1483409238793,676.6428106701436,208.1977878985057,182.17306441119248
-104.09889394925285,884.8405985686493,260.24723487313213,208.1977878985057
-156.1483409238793,988.9394925179021,286.27195836044535,234.22251138581893
-234.22251138581893,364.34612882238497,338.3214053350718,286.27195836044535
-390.3708523096982,-208.1977878985057,390.3708523096982,312.2966818477586
-520.4944697462643,-676.6428106701436,442.42029928432464,364.34612882238497
-702.6675341574568,-1275.2114508783475,494.46974625895103,416.3955757970114
-884.8405985686493,-1847.755367599238,546.5191932335775,442.42029928432464
-1040.9889394925285,-2081.977878985057,572.5439167208907,520.4944697462643
-1145.0878334417814,-1899.8048145738646,624.5933636955172,546.5191932335775
-1249.1867273910343,-1691.6070266753588,676.6428106701436,572.5439167208907
-1327.2608978529738,-1379.3103448276004,702.6675341574568,624.5933636955172
-1249.1867273910343,-1040.9889394925285,728.6922576447699,650.6180871828303
-1093.038386467155,-754.7169811320832,754.7169811320832,676.6428106701436
-936.8900455432757,-494.46974625895103,780.7417046193964,676.6428106701436
-780.7417046193964,-286.27195836044535,754.7169811320832,676.6428106701436
-624.5933636955172,-130.12361743656606,754.7169811320832,676.6428106701436
-468.44502277163787,-26.024723487313214,728.6922576447699,624.5933636955172
-364.34612882238497,52.04944697462643,702.6675341574568,598.5686402082039
-312.2966818477586,78.07417046193964,624.5933636955172,572.5439167208907
-260.24723487313213,104.09889394925285,572.5439167208907,494.46974625895103
-208.1977878985057,156.1483409238793,494.46974625895103,416.3955757970114
-208.1977878985057,156.1483409238793,416.3955757970114,364.34612882238497
-182.17306441119248,182.17306441119248,338.3214053350718,312.2966818477586
-182.17306441119248,182.17306441119248,286.27195836044535,234.22251138581893
-208.1977878985057,156.1483409238793,234.22251138581893,208.1977878985057
-208.1977878985057,182.17306441119248,182.17306441119248,156.1483409238793
-208.1977878985057,156.1483409238793,130.12361743656606,130.12361743656606
-182.17306441119248,182.17306441119248,104.09889394925285,104.09889394925285
-208.1977878985057,208.1977878985057,78.07417046193964,78.07417046193964
-208.1977878985057,234.22251138581893,52.04944697462643,52.04944697462643
-208.1977878985057,234.22251138581893,26.024723487313214,26.024723487313214
-234.22251138581893,260.24723487313213,-0.0,26.024723487313214
-234.22251138581893,286.27195836044535,-26.024723487313214,-0.0
-234.22251138581893,286.27195836044535,-26.024723487313214,-26.024723487313214
-234.22251138581893,338.3214053350718,-26.024723487313214,-26.024723487313214
-234.22251138581893,364.34612882238497,-52.04944697462643,-26.024723487313214
-234.22251138581893,416.3955757970114,-52.04944697462643,-26.024723487313214
-234.22251138581893,442.42029928432464,-52.04944697462643,-26.024723487313214
-234.22251138581893,494.46974625895103,-52.04944697462643,-0.0
-260.24723487313213,546.5191932335775,-52.04944697462643,-26.024723487313214
-260.24723487313213,598.5686402082039,-52.04944697462643,-26.024723487313214
-260.24723487313213,650.6180871828303,-52.04944697462643,-0.0
-234.22251138581893,702.6675341574568,-52.04944697462643,-0.0
-260.24723487313213,754.7169811320832,-52.04944697462643,-0.0
-260.24723487313213,806.7664281067097,-52.04944697462643,-0.0
-260.24723487313213,858.815875081336,-52.04944697462643,-0.0
-260.24723487313213,910.8653220559625,-26.024723487313214,26.024723487313214
-234.22251138581893,936.8900455432757,-26.024723487313214,26.024723487313214
-208.1977878985057,962.9147690305889,-26.024723487313214,26.024723487313214
-208.1977878985057,962.9147690305889,-26.024723487313214,26.024723487313214
-208.1977878985057,936.8900455432757,-26.024723487313214,52.04944697462643
-182.17306441119248,910.8653220559625,-0.0,52.04944697462643
-182.17306441119248,858.815875081336,-0.0,52.04944697462643
-208.1977878985057,806.7664281067097,-0.0,52.04944697462643
-208.1977878985057,754.7169811320832,-0.0,52.04944697462643
-208.1977878985057,676.6428106701436,-0.0,78.07417046193964
-208.1977878985057,624.5933636955172,26.024723487313214,78.07417046193964
-182.17306441119248,546.5191932335775,26.024723487313214,78.07417046193964
-182.17306441119248,468.44502277163787,26.024723487313214,104.09889394925285
-182.17306441119248,390.3708523096982,26.024723487313214,104.09889394925285
-208.1977878985057,312.2966818477586,52.04944697462643,104.09889394925285
-208.1977878985057,234.22251138581893,52.04944697462643,104.09889394925285
-208.1977878985057,182.17306441119248,26.024723487313214,104.09889394925285
-234.22251138581893,130.12361743656606,26.024723487313214,104.09889394925285
-234.22251138581893,104.09889394925285,26.024723487313214,78.07417046193964
-260.24723487313213,52.04944697462643,26.024723487313214,78.07417046193964
-286.27195836044535,26.024723487313214,-0.0,78.07417046193964
-260.24723487313213,-0.0,-0.0,78.07417046193964
-286.27195836044535,-26.024723487313214,-0.0,52.04944697462643
-286.27195836044535,-52.04944697462643,-0.0,52.04944697462643
-286.27195836044535,-52.04944697462643,-0.0,78.07417046193964
-286.27195836044535,-78.07417046193964,-0.0,78.07417046193964
-260.24723487313213,-78.07417046193964,-0.0,78.07417046193964
-260.24723487313213,-78.07417046193964,-26.024723487313214,78.07417046193964
-260.24723487313213,-78.07417046193964,-26.024723487313214,78.07417046193964
-260.24723487313213,-52.04944697462643,-26.024723487313214,78.07417046193964
-260.24723487313213,-52.04944697462643,-26.024723487313214,78.07417046193964
-260.24723487313213,-52.04944697462643,-0.0,78.07417046193964
-234.22251138581893,-52.04944697462643,-0.0,52.04944697462643
-234.22251138581893,-26.024723487313214,26.024723487313214,52.04944697462643
-234.22251138581893,-26.024723487313214,26.024723487313214,52.04944697462643
-234.22251138581893,-26.024723487313214,26.024723487313214,52.04944697462643
-234.22251138581893,-26.024723487313214,26.024723487313214,52.04944697462643
-234.22251138581893,-0.0,52.04944697462643,52.04944697462643
-234.22251138581893,-0.0,52.04944697462643,52.04944697462643
-234.22251138581893,26.024723487313214,78.07417046193964,78.07417046193964
-208.1977878985057,-0.0,104.09889394925285,104.09889394925285
-208.1977878985057,-0.0,130.12361743656606,104.09889394925285
-234.22251138581893,-0.0,130.12361743656606,130.12361743656606
-260.24723487313213,-0.0,156.1483409238793,130.12361743656606
-286.27195836044535,-0.0,156.1483409238793,156.1483409238793
-286.27195836044535,26.024723487313214,156.1483409238793,156.1483409238793
-286.27195836044535,26.024723487313214,156.1483409238793,156.1483409238793
-286.27195836044535,-0.0,156.1483409238793,182.17306441119248
-286.27195836044535,-0.0,156.1483409238793,208.1977878985057
-260.24723487313213,-0.0,156.1483409238793,208.1977878985057
-260.24723487313213,-0.0,130.12361743656606,208.1977878985057
-260.24723487313213,-0.0,130.12361743656606,208.1977878985057
-260.24723487313213,-0.0,104.09889394925285,208.1977878985057
-260.24723487313213,-0.0,78.07417046193964,208.1977878985057
-260.24723487313213,-0.0,78.07417046193964,182.17306441119248
-260.24723487313213,-0.0,78.07417046193964,182.17306441119248
-260.24723487313213,-0.0,52.04944697462643,182.17306441119248
-260.24723487313213,-0.0,52.04944697462643,182.17306441119248
-260.24723487313213,-0.0,26.024723487313214,156.1483409238793
-260.24723487313213,-0.0,-0.0,156.1483409238793
-260.24723487313213,-0.0,-0.0,156.1483409238793
-234.22251138581893,-0.0,-0.0,156.1483409238793
-234.22251138581893,-0.0,-0.0,156.1483409238793
-234.22251138581893,-0.0,-0.0,182.17306441119248
-234.22251138581893,-26.024723487313214,26.024723487313214,182.17306441119248
-234.22251138581893,-26.024723487313214,26.024723487313214,182.17306441119248
-260.24723487313213,-26.024723487313214,26.024723487313214,182.17306441119248
-260.24723487313213,-26.024723487313214,26.024723487313214,182.17306441119248
-286.27195836044535,-26.024723487313214,78.07417046193964,234.22251138581893
-260.24723487313213,-0.0,182.17306441119248,312.2966818477586
-234.22251138581893,-0.0,312.2966818477586,390.3708523096982
-208.1977878985057,26.024723487313214,494.46974625895103,520.4944697462643
-182.17306441119248,26.024723487313214,832.7911515940228,754.7169811320832
-156.1483409238793,26.024723487313214,988.9394925179021,858.815875081336
-156.1483409238793,26.024723487313214,1119.0631099544682,936.8900455432757
-156.1483409238793,26.024723487313214,988.9394925179021,962.9147690305889
-182.17306441119248,-0.0,754.7169811320832,832.7911515940228
-208.1977878985057,-26.024723487313214,442.42029928432464,650.6180871828303
-234.22251138581893,-52.04944697462643,104.09889394925285,468.44502277163787
-260.24723487313213,-78.07417046193964,-130.12361743656606,312.2966818477586
-286.27195836044535,-104.09889394925285,-312.2966818477586,156.1483409238793
-312.2966818477586,-104.09889394925285,-416.3955757970114,52.04944697462643
-312.2966818477586,-130.12361743656606,-364.34612882238497,52.04944697462643
-312.2966818477586,-130.12361743656606,-286.27195836044535,78.07417046193964
-286.27195836044535,-130.12361743656606,-104.09889394925285,130.12361743656606
-286.27195836044535,-130.12361743656606,-104.09889394925285,182.17306441119248
-286.27195836044535,-156.1483409238793,-26.024723487313214,234.22251138581893
-286.27195836044535,0.0,26.024723487313214,260.24723487313213
-260.24723487313213,0.0,78.07417046193964,312.2966818477586
-260.24723487313213,0.0,104.09889394925285,312.2966818477586
0.0,0.0,104.09889394925285,338.3214053350718
0.0,0.0,130.12361743656606,338.3214053350718
0.0,0.0,130.12361743656606,338.3214053350718
0.0,0.0,130.12361743656606,364.34612882238497
0.0,0.0,156.1483409238793,390.3708523096982
0.0,0.0,156.1483409238793,416.3955757970114
0.0,0.0,182.17306441119248,416.3955757970114
0.0,0.0,182.17306441119248,442.42029928432464
0.0,0.0,0.0,442.42029928432464
0.0,0.0,0.0,468.44502277163787
0.0,0.0,0.0,468.44502277163787
